S.NO.,first_name,last_name,email,gender,First Year Marks,Second Year Marks,Third Year Marks,Course,Language,Country,Parental Education
1,Anatola,Mathewson,amathewson0@1und1.de,Genderfluid,94,61,55,Product Management,Somali,Russia,false
2,Fanni,Adran,fadran1@xinhuanet.com,Female,76,87,92,Human Resources,Macedonian,Russia,false
3,Dick,Claisse,dclaisse2@php.net,Male,70,100,77,Human Resources,Māori,Russia,false
4,Yoshi,Lowfill,ylowfill3@usda.gov,Female,73,98,57,Sales,Spanish,Russia,false
5,Romy,Reisenberg,rreisenberg4@mit.edu,Female,86,58,91,Engineering,Tetum,Russia,false
6,Kacie,Tranmer,ktranmer5@feedburner.com,Female,50,58,50,Legal,Zulu,Russia,false
7,Benita,Jellings,bjellings6@feedburner.com,Female,100,99,57,Sales,Ndebele,United States,true
8,Daloris,Keeffe,dkeeffe7@prweb.com,Female,95,81,64,Human Resources,Telugu,Russia,false
9,Trude,Jills,tjills8@google.fr,Female,78,94,74,Marketing,Polish,Russia,true
10,Town,Drayson,tdrayson9@bizjournals.com,Male,87,82,58,Business Development,Thai,Russia,true
11,Boone,Tuiller,btuillera@businessinsider.com,Male,59,74,61,Human Resources,Oriya,Russia,false
12,Letty,Emslie,lemslieb@qq.com,Female,70,99,58,Services,Armenian,United Kingdom,true
13,Marion,O'Geaney,mogeaneyc@jalbum.net,Female,96,65,83,Sales,Hiri Motu,Russia,false
14,Rebekah,Barthrop,rbarthropd@mtv.com,Female,52,77,52,Marketing,Lao,United States,true
15,Vernon,Mordin,vmordine@indiatimes.com,Male,80,59,87,Services,Mongolian,United States,true
16,Adey,Canter,acanterf@columbia.edu,Genderqueer,51,58,63,Human Resources,Tajik,Russia,false
17,Thane,Mattusevich,tmattusevichg@skype.com,Male,69,89,63,Services,Hungarian,United States,true
18,Minette,Audsley,maudsleyh@wordpress.org,Genderqueer,69,57,60,Sales,Irish Gaelic,United States,false
19,Bail,Natt,bnatti@w3.org,Male,62,65,82,Product Management,German,Russia,true
20,Gifford,Grinham,ggrinhamj@goo.gl,Bigender,52,85,94,Support,Latvian,Russia,false
21,Boyd,Jaggers,bjaggersk@jugem.jp,Male,74,53,81,Engineering,Filipino,Russia,false
22,Egor,Bernon,ebernonl@slideshare.net,Male,75,91,54,Business Development,Zulu,Kazakhstan,true
23,Putnam,Krystof,pkrystofm@bbb.org,Male,83,65,59,Engineering,French,United States,false
24,Karlyn,Basketter,kbaskettern@nyu.edu,Female,97,83,98,Accounting,Gagauz,Russia,true
25,Bran,Ochterlony,bochterlonyo@mit.edu,Male,58,51,53,Human Resources,Catalan,Russia,false
26,Lucias,Eakeley,leakeleyp@zimbio.com,Male,68,73,56,Accounting,German,United States,true
27,Blaine,Cloake,bcloakeq@freewebs.com,Male,73,54,57,Services,Belarusian,United States,true
28,Daveta,Healy,dhealyr@wufoo.com,Female,83,93,57,Legal,Bulgarian,Russia,false
29,Caro,Strutton,cstruttons@walmart.com,Female,100,80,63,Business Development,Māori,United States,false
30,Wait,Woolstenholmes,wwoolstenholmest@pagesperso-orange.fr,Male,90,71,58,Support,New Zealand Sign Language,Russia,false
31,Tatum,Shellsheere,tshellsheereu@google.fr,Non-binary,55,60,60,Engineering,Pashto,United States,false
32,Alma,MacKall,amackallv@uol.com.br,Female,87,89,91,Accounting,Punjabi,Russia,false
33,Katusha,Hedgecock,khedgecockw@google.co.jp,Female,80,79,55,Legal,Swati,Russia,true
34,Tove,Bamb,tbambx@studiopress.com,Genderqueer,89,90,87,Training,Finnish,Russia,true
35,Lorrin,Landal,llandaly@amazon.co.uk,Genderqueer,80,58,92,Legal,French,United States,true
36,Dall,Scini,dsciniz@amazonaws.com,Male,83,67,54,Training,West Frisian,Russia,true
37,Hoyt,Selliman,hselliman10@tamu.edu,Male,73,53,54,Human Resources,Tswana,Russia,false
38,Farrell,Jumel,fjumel11@usnews.com,Male,77,61,99,Business Development,Zulu,Russia,true
39,Orsola,Rohlf,orohlf12@networkadvertising.org,Bigender,54,54,94,Training,Portuguese,Russia,true
40,Pandora,Cowope,pcowope13@businessinsider.com,Female,78,70,98,Research and Development,Northern Sotho,Kazakhstan,true
41,Gal,Woods,gwoods14@istockphoto.com,Male,94,85,77,Support,Gujarati,Russia,false
42,Lia,Goodlet,lgoodlet15@slate.com,Female,61,60,50,Engineering,Papiamento,United States,true
43,Ellette,Yankin,eyankin16@si.edu,Bigender,79,65,62,Engineering,Amharic,Russia,true
44,Marylou,Hanstock,mhanstock17@thetimes.co.uk,Female,51,71,86,Services,Afrikaans,Russia,true
45,Lisa,Pavy,lpavy18@ameblo.jp,Female,70,65,97,Marketing,Kyrgyz,Russia,true
46,Cassius,Sherme,csherme19@cnbc.com,Non-binary,53,87,82,Research and Development,New Zealand Sign Language,Russia,false
47,Merna,Rowlin,mrowlin1a@wiley.com,Genderqueer,62,97,57,Accounting,Greek,Russia,true
48,Somerset,Takle,stakle1b@reference.com,Male,70,81,66,Services,Tswana,Russia,false
49,Caresa,Ewbanke,cewbanke1c@clickbank.net,Genderqueer,63,61,83,Human Resources,Irish Gaelic,Kazakhstan,true
50,Farrah,Guiver,fguiver1d@taobao.com,Female,79,55,64,Accounting,Irish Gaelic,Russia,false
51,Morrie,Element,melement1e@meetup.com,Male,74,79,98,Legal,New Zealand Sign Language,Russia,true
52,Xymenes,Folca,xfolca1f@microsoft.com,Male,67,94,100,Support,Lao,Russia,true
53,Kenon,Tassell,ktassell1g@imgur.com,Non-binary,72,78,52,Services,Zulu,Russia,true
54,Carolee,Raper,craper1h@ox.ac.uk,Female,90,71,98,Sales,Lao,Russia,true
55,Robbie,Rosenqvist,rrosenqvist1i@photobucket.com,Female,86,92,65,Services,Nepali,United States,false
56,Tymothy,Dimitriou,tdimitriou1j@edublogs.org,Male,86,72,62,Product Management,French,United States,true
57,Wilburt,Ventham,wventham1k@narod.ru,Agender,74,78,70,Services,Hiri Motu,United States,true
58,Aubert,Staner,astaner1l@latimes.com,Male,96,83,54,Services,Burmese,United States,false
59,Loydie,Rubinowitsch,lrubinowitsch1m@1und1.de,Male,92,58,84,Training,Telugu,Russia,false
60,Isador,Stubbe,istubbe1n@4shared.com,Male,87,58,80,Training,New Zealand Sign Language,Russia,true
61,Adelind,Maplethorp,amaplethorp1o@wp.com,Genderfluid,88,65,76,Accounting,Georgian,Russia,false
62,Hertha,Cottie,hcottie1p@blogspot.com,Genderqueer,67,68,89,Marketing,Bosnian,Russia,true
63,Anselma,Whistance,awhistance1q@sfgate.com,Female,83,55,84,Legal,Luxembourgish,Russia,false
64,Juanita,Fandrich,jfandrich1r@pagesperso-orange.fr,Female,81,91,75,Training,Tsonga,United States,true
65,Ruby,Glaum,rglaum1s@google.ru,Female,98,78,83,Sales,Korean,United States,false
66,Pietrek,Attride,pattride1t@wunderground.com,Male,89,87,78,Legal,Kazakh,United States,true
67,Linn,Joron,ljoron1u@amazonaws.com,Female,100,63,86,Human Resources,Romanian,Russia,true
68,Riki,Hassey,rhassey1v@si.edu,Polygender,75,63,78,Services,Yiddish,United States,true
69,Celestina,Vitte,cvitte1w@psu.edu,Female,60,50,76,Marketing,Swahili,Russia,false
70,Odilia,Sibun,osibun1x@reuters.com,Female,69,76,70,Services,Georgian,United States,false
71,Luisa,Lipscomb,llipscomb1y@cbslocal.com,Non-binary,83,90,98,Product Management,Somali,United States,true
72,Kevin,Duigan,kduigan1z@umich.edu,Male,66,79,77,Research and Development,West Frisian,Russia,false
73,Loydie,Vlasin,lvlasin20@netscape.com,Male,66,82,68,Business Development,Aymara,Russia,false
74,Ellette,Bullick,ebullick21@rediff.com,Female,76,96,92,Support,Burmese,Russia,false
75,Creigh,Felgate,cfelgate22@tumblr.com,Male,63,92,77,Training,Gagauz,Russia,false
76,Clay,Whitewood,cwhitewood23@netvibes.com,Bigender,91,76,83,Product Management,Maltese,Russia,true
77,Lyndel,Keer,lkeer24@pbs.org,Female,71,62,97,Marketing,Indonesian,Russia,true
78,Layney,Cran,lcran25@goodreads.com,Female,99,95,54,Product Management,Persian,Russia,false
79,Brandise,Aysik,baysik26@washington.edu,Female,89,61,72,Engineering,Kurdish,United States,true
80,Parnell,Kensitt,pkensitt27@networksolutions.com,Male,68,83,68,Support,Kashmiri,United States,true
81,Emelen,Shelton,eshelton28@prnewswire.com,Male,78,87,69,Human Resources,Pashto,United States,true
82,Thoma,Marsh,tmarsh29@go.com,Male,57,88,57,Human Resources,Punjabi,Russia,false
83,Druci,Worcs,dworcs2a@dmoz.org,Female,91,70,69,Accounting,Tetum,Russia,false
84,Rosalind,Gherardini,rgherardini2b@tmall.com,Female,83,79,62,Business Development,Tswana,Russia,false
85,Verla,Woodford,vwoodford2c@home.pl,Female,70,52,80,Human Resources,Dzongkha,Russia,false
86,Yard,Gley,ygley2d@zdnet.com,Male,68,95,70,Support,French,Russia,false
87,Kellby,Carren,kcarren2e@tiny.cc,Male,100,73,92,Legal,Albanian,Russia,false
88,Carce,Peperell,cpeperell2f@altervista.org,Male,70,54,53,Engineering,Assamese,Russia,false
89,Rudiger,Dumpleton,rdumpleton2g@vimeo.com,Male,79,87,61,Support,Icelandic,United States,true
90,Ronda,Lardier,rlardier2h@amazonaws.com,Female,96,61,71,Services,Swati,Kazakhstan,false
91,Nessie,Duffan,nduffan2i@indiatimes.com,Polygender,76,69,91,Human Resources,Dutch,Russia,true
92,Anthony,Wrathall,awrathall2j@timesonline.co.uk,Male,92,74,54,Product Management,Portuguese,Russia,false
93,Amitie,Kobiela,akobiela2k@census.gov,Female,68,64,66,Research and Development,Dzongkha,Russia,true
94,Hubie,Yakushkin,hyakushkin2l@cargocollective.com,Male,91,77,52,Research and Development,Hebrew,Russia,true
95,Maxine,Zorzi,mzorzi2m@a8.net,Female,99,78,53,Product Management,Kyrgyz,Russia,false
96,Desdemona,Pardew,dpardew2n@theatlantic.com,Female,79,56,76,Research and Development,Malay,United States,false
97,Blane,Haldin,bhaldin2o@hc360.com,Male,65,79,96,Marketing,Croatian,Russia,true
98,Aleece,Walne,awalne2p@amazon.co.uk,Female,75,86,74,Business Development,Hungarian,Russia,true
99,Mag,Wittey,mwittey2q@goo.gl,Female,96,90,99,Support,Filipino,United States,false
100,Constantin,Verrillo,cverrillo2r@alibaba.com,Male,62,85,66,Marketing,Luxembourgish,Russia,true
101,Roseanna,Roughley,rroughley2s@sun.com,Female,54,73,72,Support,Fijian,Russia,false
102,Candida,Lovewell,clovewell2t@opensource.org,Female,56,92,61,Training,Yiddish,United States,false
103,Susan,Jurczak,sjurczak2u@elegantthemes.com,Female,51,51,80,Product Management,Malay,Russia,false
104,Sisely,Hargitt,shargitt2v@admin.ch,Female,78,69,51,Sales,Punjabi,Russia,false
105,Tonie,Renfrew,trenfrew2w@boston.com,Female,62,73,93,Sales,Swedish,United States,false
106,Melanie,Dorsett,mdorsett2x@weather.com,Female,76,88,55,Support,Irish Gaelic,United States,true
107,Annis,Moss,amoss2y@cbslocal.com,Bigender,62,50,100,Training,Assamese,Russia,true
108,Eustace,McCleary,emccleary2z@nih.gov,Male,52,100,99,Services,Moldovan,Russia,false
109,Horacio,Rojahn,hrojahn30@symantec.com,Male,75,50,76,Research and Development,Lithuanian,United States,false
110,Godart,Torrese,gtorrese31@nature.com,Male,57,89,87,Product Management,Luxembourgish,Russia,false
111,Thacher,Wren,twren32@cnbc.com,Male,58,68,52,Support,Lao,Russia,true
112,Cindy,Doel,cdoel33@arstechnica.com,Female,71,62,61,Support,Portuguese,United States,true
113,Tybalt,Crippill,tcrippill34@wikispaces.com,Male,97,69,80,Research and Development,Gujarati,United States,false
114,Eveleen,Longwood,elongwood35@wisc.edu,Female,71,66,60,Accounting,Swati,Russia,false
115,Beatrisa,Beckett,bbeckett36@com.com,Genderfluid,79,98,86,Sales,Kyrgyz,United States,false
116,Woodrow,Calladine,wcalladine37@thetimes.co.uk,Male,55,54,62,Sales,Greek,United States,false
117,Evyn,Aizikov,eaizikov38@cnn.com,Male,87,70,74,Product Management,Irish Gaelic,Kazakhstan,false
118,Lorenzo,Philipsohn,lphilipsohn39@godaddy.com,Male,58,59,67,Business Development,Bislama,United States,true
119,Coraline,Richardot,crichardot3a@privacy.gov.au,Female,99,63,91,Support,Arabic,Russia,true
120,Rosabel,Walding,rwalding3b@hatena.ne.jp,Female,86,85,92,Accounting,Nepali,United States,false
121,Judie,Fatharly,jfatharly3c@webeden.co.uk,Female,53,88,99,Sales,Papiamento,Russia,true
122,Ashby,Woofendell,awoofendell3d@youtube.com,Male,65,70,67,Sales,Persian,Russia,true
123,Pepita,Knolles-Green,pknollesgreen3e@comsenz.com,Female,80,71,79,Legal,Croatian,Russia,false
124,Gino,Bess,gbess3f@addtoany.com,Male,93,97,58,Sales,Irish Gaelic,Russia,true
125,Melisse,Ierland,mierland3g@cnn.com,Female,50,77,94,Human Resources,Portuguese,Russia,false
126,Bab,Blackshaw,bblackshaw3h@bluehost.com,Female,74,97,76,Engineering,Indonesian,Russia,false
127,Mechelle,Mobley,mmobley3i@oracle.com,Female,71,74,66,Human Resources,Montenegrin,Russia,false
128,Temple,Ledgley,tledgley3j@godaddy.com,Male,84,53,75,Product Management,Danish,Russia,false
129,Markus,Antosik,mantosik3k@taobao.com,Male,84,98,68,Product Management,Yiddish,Russia,false
130,Jorry,Joynes,jjoynes3l@statcounter.com,Female,55,61,100,Accounting,Maltese,Russia,true
131,Suzanna,Purveys,spurveys3m@soup.io,Female,55,76,56,Support,Marathi,Kazakhstan,true
132,Christiano,Gilbee,cgilbee3n@t-online.de,Male,51,82,61,Marketing,Aymara,Russia,false
133,Jean,Anfosso,janfosso3o@cdc.gov,Female,95,81,61,Services,Yiddish,Russia,true
134,Willabella,Kunert,wkunert3p@mozilla.org,Female,66,69,97,Training,Belarusian,Russia,true
135,Hazel,Ollin,hollin3q@nationalgeographic.com,Male,86,63,56,Product Management,Dzongkha,Russia,false
136,Joella,Prowting,jprowting3r@fda.gov,Female,59,71,81,Research and Development,Dzongkha,Russia,true
137,Jelene,Bauman,jbauman3s@narod.ru,Female,71,92,70,Legal,Khmer,United States,true
138,Barbabas,Narbett,bnarbett3t@sourceforge.net,Male,72,69,91,Marketing,Somali,Russia,false
139,Thorsten,Hargate,thargate3u@arizona.edu,Male,91,54,61,Training,Spanish,United States,true
140,Ardelis,Qualtro,aqualtro3v@google.com.hk,Female,72,80,97,Human Resources,Northern Sotho,Russia,true
141,Leopold,Pilgrim,lpilgrim3w@answers.com,Male,87,58,97,Marketing,English,Russia,true
142,Budd,Stanier,bstanier3x@jimdo.com,Male,67,72,75,Legal,Norwegian,Russia,false
143,Berky,Pitt,bpitt3y@patch.com,Male,60,73,59,Engineering,Haitian Creole,United States,false
144,Venita,Hovenden,vhovenden3z@g.co,Female,53,90,75,Support,Armenian,Russia,false
145,Orin,Duro,oduro40@examiner.com,Male,79,57,61,Product Management,Afrikaans,Russia,true
146,Ruddy,Doswell,rdoswell41@studiopress.com,Male,76,96,56,Marketing,Kashmiri,United States,false
147,Anne,Vanyushkin,avanyushkin42@feedburner.com,Female,87,67,56,Legal,Polish,Russia,true
148,Kippar,Tregea,ktregea43@gov.uk,Male,85,66,97,Training,Bosnian,United States,true
149,Lenore,Ashurst,lashurst44@sciencedirect.com,Female,70,61,70,Business Development,Hungarian,Russia,false
150,Cart,Manach,cmanach45@foxnews.com,Genderfluid,100,53,91,Engineering,Belarusian,Kazakhstan,true
151,Anatola,Fairall,afairall46@mac.com,Female,96,72,75,Accounting,Romanian,United States,false
152,Jemima,Satch,jsatch47@deliciousdays.com,Female,100,88,56,Business Development,Khmer,Russia,false
153,Archie,Everitt,aeveritt48@smh.com.au,Male,66,71,63,Product Management,Malagasy,Russia,true
154,Maxi,Isitt,misitt49@businesswire.com,Female,91,70,60,Support,Korean,Russia,true
155,Nelli,Bapty,nbapty4a@independent.co.uk,Female,55,92,62,Human Resources,Filipino,Russia,true
156,Percival,Karpenya,pkarpenya4b@netscape.com,Male,59,56,57,Human Resources,Papiamento,United States,true
157,Jenica,Kellitt,jkellitt4c@virginia.edu,Female,50,96,71,Services,Swedish,United States,true
158,Tabbi,McGooch,tmcgooch4d@usnews.com,Female,97,63,53,Marketing,French,Russia,true
159,Rodie,Wixey,rwixey4e@ifeng.com,Female,85,75,50,Support,Thai,United States,false
160,Nikita,Dewdney,ndewdney4f@nps.gov,Male,96,86,100,Engineering,Gagauz,United States,true
161,Bowie,Higbin,bhigbin4g@wikispaces.com,Male,79,64,100,Training,Ndebele,Russia,true
162,Chick,Christescu,cchristescu4h@issuu.com,Male,83,52,95,Sales,Hindi,Russia,true
163,Kirsteni,Kleiner,kkleiner4i@canalblog.com,Non-binary,75,98,84,Human Resources,Kyrgyz,United States,true
164,Alejoa,Strewthers,astrewthers4j@dmoz.org,Male,94,87,51,Legal,Persian,United States,true
165,Devina,Antcliff,dantcliff4k@livejournal.com,Female,67,72,68,Research and Development,Bulgarian,Kazakhstan,false
166,Manda,Hengoed,mhengoed4l@sun.com,Genderfluid,57,51,65,Sales,Afrikaans,Russia,false
167,Larry,Maccaddie,lmaccaddie4m@hc360.com,Male,50,93,51,Human Resources,Hindi,Russia,true
168,Jacintha,Ashurst,jashurst4n@netlog.com,Female,53,57,76,Training,Māori,Russia,true
169,Cody,Stelfox,cstelfox4o@goo.ne.jp,Female,93,59,75,Research and Development,Italian,Russia,false
170,Artair,Peres,aperes4p@cisco.com,Bigender,77,60,81,Services,Dari,United States,true
171,Rowen,Overbury,roverbury4q@jalbum.net,Male,83,92,87,Services,Indonesian,Russia,false
172,Rey,Cregin,rcregin4r@yelp.com,Agender,93,74,81,Engineering,Pashto,Russia,true
173,Amalita,Heare,aheare4s@shinystat.com,Female,66,98,87,Support,Georgian,United States,true
174,Rafaela,Dashkovich,rdashkovich4t@un.org,Female,75,65,61,Human Resources,Guaraní,Kazakhstan,false
175,Robby,Hutable,rhutable4u@marketwatch.com,Male,89,69,88,Product Management,Ndebele,United States,true
176,Cherilynn,Bertie,cbertie4v@soundcloud.com,Female,92,99,80,Business Development,Oriya,United States,true
177,Rodolfo,Pengilly,rpengilly4w@github.com,Male,80,70,96,Research and Development,Dari,United States,true
178,Morgen,Ferries,mferries4x@surveymonkey.com,Male,72,71,85,Research and Development,Somali,Russia,true
179,Ancell,Esparza,aesparza4y@blog.com,Male,58,50,88,Sales,Maltese,United States,false
180,Berty,Enrico,benrico4z@fda.gov,Male,99,63,100,Business Development,Telugu,United States,false
181,Hank,Toope,htoope50@mysql.com,Male,83,96,89,Business Development,Punjabi,United States,false
182,Samson,Jardine,sjardine51@cdbaby.com,Male,78,51,87,Product Management,Khmer,United States,false
183,Richmond,Dongate,rdongate52@fastcompany.com,Male,85,72,77,Marketing,Croatian,Russia,false
184,Carling,Spires,cspires53@seattletimes.com,Male,68,65,82,Sales,Ndebele,Russia,false
185,Jerrie,Folliss,jfolliss54@apache.org,Male,62,91,87,Research and Development,Ndebele,Russia,false
186,Jeddy,Leeke,jleeke55@usa.gov,Male,86,98,88,Services,Telugu,United States,true
187,Raine,Boerderman,rboerderman56@google.com,Female,66,89,96,Human Resources,Ndebele,Russia,true
188,Ave,Medcalfe,amedcalfe57@bloomberg.com,Male,93,54,87,Engineering,Tamil,Russia,false
189,Alberto,Carlozzi,acarlozzi58@hatena.ne.jp,Male,82,69,97,Legal,Zulu,Russia,true
190,Gale,Effemy,geffemy59@examiner.com,Female,79,69,52,Training,Spanish,Russia,false
191,Thorny,Edie,tedie5a@patch.com,Male,100,95,82,Services,Sotho,United States,false
192,Justina,Farrants,jfarrants5b@amazonaws.com,Genderqueer,72,89,78,Accounting,Fijian,Russia,false
193,Waldemar,Hindmore,whindmore5c@discovery.com,Male,80,67,97,Training,Latvian,Russia,true
194,Glynn,Paddie,gpaddie5d@toplist.cz,Male,83,68,86,Human Resources,Italian,Russia,false
195,Burg,Uccelli,buccelli5e@phoca.cz,Male,85,83,63,Human Resources,Kazakh,United States,false
196,Arvie,Lingner,alingner5f@hc360.com,Male,87,70,95,Training,Burmese,Russia,false
197,Anatollo,Geator,ageator5g@yahoo.co.jp,Male,76,94,92,Business Development,Montenegrin,Kazakhstan,false
198,Candida,Peoples,cpeoples5h@mashable.com,Female,55,50,70,Accounting,Albanian,United States,false
199,Josh,Gislebert,jgislebert5i@scribd.com,Male,67,99,59,Product Management,New Zealand Sign Language,Russia,true
200,Bentley,Ould,bould5j@netvibes.com,Male,75,57,82,Services,West Frisian,United States,true
201,Bartie,O'Dare,bodare5k@usa.gov,Polygender,82,89,77,Engineering,Mongolian,Russia,false
202,Ervin,Annis,eannis5l@ucsd.edu,Male,59,59,71,Marketing,Portuguese,United States,true
203,Jimmy,Sidwell,jsidwell5m@mapquest.com,Male,67,50,55,Human Resources,Kyrgyz,Russia,false
204,Odelia,Palphreyman,opalphreyman5n@ucla.edu,Female,87,69,53,Research and Development,English,Russia,false
205,Yasmin,Brookes,ybrookes5o@icio.us,Female,88,95,77,Services,Yiddish,Russia,true
206,Kitti,Aronov,karonov5p@cbc.ca,Female,64,93,61,Human Resources,Tajik,Russia,false
207,Roarke,Dahlgren,rdahlgren5q@hc360.com,Male,97,81,56,Business Development,Burmese,Russia,false
208,Price,Emms,pemms5r@goodreads.com,Male,94,76,52,Marketing,Norwegian,United States,true
209,Tuesday,O'Shiel,toshiel5s@marketwatch.com,Female,62,68,96,Legal,West Frisian,Russia,false
210,Herbert,Liverock,hliverock5t@jimdo.com,Male,64,71,83,Sales,Spanish,United States,false
211,Stanford,Teape,steape5u@uol.com.br,Male,96,71,56,Marketing,English,Kazakhstan,true
212,Daron,Crews,dcrews5v@1und1.de,Male,78,57,86,Support,Kazakh,United States,false
213,Vevay,Chaters,vchaters5w@patch.com,Female,85,59,79,Support,Armenian,United States,true
214,Gena,Cisland,gcisland5x@toplist.cz,Female,92,54,74,Services,Telugu,United States,true
215,Cami,Barfitt,cbarfitt5y@springer.com,Female,74,90,58,Services,Gujarati,Russia,true
216,Jodie,Noller,jnoller5z@ft.com,Male,69,66,58,Services,Spanish,Russia,false
217,Tiebold,Rozzell,trozzell60@pagesperso-orange.fr,Male,65,62,50,Sales,Kazakh,Russia,true
218,Felic,Ilieve,filieve61@slate.com,Male,51,100,95,Research and Development,Persian,Russia,true
219,Donny,Gould,dgould62@zimbio.com,Non-binary,53,61,58,Legal,Macedonian,Russia,true
220,Cully,Pimblott,cpimblott63@archive.org,Male,61,62,89,Marketing,Dhivehi,Kazakhstan,true
221,Cherry,Zanioletti,czanioletti64@wordpress.com,Female,88,61,74,Marketing,German,United States,true
222,Ashleigh,Guilliland,aguilliland65@wufoo.com,Female,70,97,99,Marketing,Burmese,United States,true
223,Ken,Bezley,kbezley66@nih.gov,Male,56,62,69,Services,Indonesian,United States,false
224,Rodolfo,Tutin,rtutin67@youtube.com,Male,72,82,69,Accounting,Malay,Kazakhstan,true
225,Elita,Boud,eboud68@myspace.com,Female,58,58,78,Sales,Italian,Russia,true
226,Wilow,Legging,wlegging69@hostgator.com,Female,53,78,73,Support,Czech,Russia,true
227,Dacey,Aizikovitch,daizikovitch6a@house.gov,Female,64,58,87,Human Resources,Chinese,Russia,true
228,Gladys,Bratt,gbratt6b@huffingtonpost.com,Female,80,63,57,Marketing,Armenian,United States,false
229,Arley,Whiteway,awhiteway6c@miitbeian.gov.cn,Male,72,73,94,Marketing,Sotho,Russia,true
230,Wolfie,Broyd,wbroyd6d@t.co,Male,93,71,91,Engineering,Pashto,Russia,true
231,Fields,Goldstone,fgoldstone6e@live.com,Male,64,87,86,Support,Danish,Russia,false
232,Sandy,Trounce,strounce6f@apple.com,Female,61,85,63,Sales,Ndebele,Russia,false
233,Berke,Darco,bdarco6g@businesswire.com,Male,50,70,56,Business Development,Finnish,Russia,false
234,Garrett,Crufts,gcrufts6h@vinaora.com,Male,59,80,96,Sales,German,Russia,false
235,Juanita,Helliwell,jhelliwell6i@mit.edu,Female,58,69,52,Business Development,Armenian,Russia,true
236,Trueman,Dryden,tdryden6j@prnewswire.com,Male,80,88,50,Support,Gagauz,Russia,true
237,Tymon,Pomeroy,tpomeroy6k@360.cn,Male,81,65,65,Services,Dhivehi,Kazakhstan,true
238,Angel,Johansen,ajohansen6l@irs.gov,Male,84,83,58,Research and Development,Armenian,United States,true
239,Ilyse,MacClure,imacclure6m@vinaora.com,Agender,63,67,84,Services,Telugu,Russia,false
240,Tobe,Charlot,tcharlot6n@mozilla.org,Male,50,56,54,Accounting,West Frisian,Kazakhstan,true
241,Germayne,Olivera,golivera6o@biglobe.ne.jp,Male,78,86,52,Accounting,Kannada,United States,false
242,Athena,Morcombe,amorcombe6p@arstechnica.com,Female,77,69,84,Marketing,Fijian,Russia,true
243,Taddeusz,MacNeil,tmacneil6q@bandcamp.com,Male,85,91,84,Product Management,Nepali,Russia,false
244,Leonard,Doogood,ldoogood6r@sbwire.com,Male,51,86,91,Support,Persian,Russia,true
245,Cordell,Jovic,cjovic6s@ustream.tv,Male,64,77,93,Product Management,Sotho,United States,true
246,Carly,Benbrick,cbenbrick6t@bloglovin.com,Female,98,96,63,Product Management,Gagauz,Russia,true
247,Earle,Stoodley,estoodley6u@indiegogo.com,Male,63,96,66,Support,Moldovan,United States,true
248,Melly,Degnen,mdegnen6v@whitehouse.gov,Female,77,79,65,Legal,Guaraní,United States,false
249,Spencer,Bartholomew,sbartholomew6w@livejournal.com,Male,80,85,100,Research and Development,Spanish,Russia,false
250,Ianthe,Ellph,iellph6x@phpbb.com,Female,57,76,57,Business Development,Croatian,Russia,false
251,Brittne,Osmant,bosmant6y@sohu.com,Female,85,85,85,Product Management,Sotho,Russia,false
252,Wendell,McCanny,wmccanny6z@eventbrite.com,Male,76,69,53,Services,Fijian,Russia,false
253,Victoria,Wannell,vwannell70@slashdot.org,Female,65,90,93,Services,Greek,Russia,true
254,Sharla,Vogl,svogl71@mashable.com,Female,51,95,79,Marketing,Yiddish,United States,true
255,Antone,Stegel,astegel72@skype.com,Male,87,92,80,Product Management,German,Russia,true
256,Tatum,Nardi,tnardi73@g.co,Female,60,75,81,Product Management,Dutch,United States,false
257,Karoline,Sleet,ksleet74@csmonitor.com,Female,89,55,84,Engineering,Māori,United States,false
258,Ximenes,Hachard,xhachard75@opensource.org,Male,90,60,98,Legal,Hungarian,Russia,false
259,Cecilio,Woodall,cwoodall76@nymag.com,Male,97,84,75,Human Resources,Hindi,Russia,false
260,Ira,Girt,igirt77@amazonaws.com,Male,67,67,81,Product Management,Mongolian,Russia,false
261,Fanny,Abrahamsen,fabrahamsen78@a8.net,Female,76,78,71,Training,Māori,United States,false
262,Andris,Mouncey,amouncey79@cbsnews.com,Male,69,60,68,Research and Development,Arabic,Russia,true
263,Kerwinn,Petrishchev,kpetrishchev7a@fda.gov,Male,56,65,93,Marketing,Georgian,Russia,true
264,Shay,Sharphurst,ssharphurst7b@opera.com,Male,57,91,75,Services,Montenegrin,United States,false
265,Dione,Medendorp,dmedendorp7c@nytimes.com,Female,81,90,87,Training,Albanian,Russia,false
266,Tedmund,Botly,tbotly7d@berkeley.edu,Male,93,68,59,Business Development,Somali,Russia,false
267,Corabel,Jordine,cjordine7e@pcworld.com,Female,68,61,83,Business Development,Dzongkha,United States,false
268,Gertruda,Boyer,gboyer7f@technorati.com,Female,50,50,85,Product Management,Burmese,Russia,true
269,Harriett,Ollis,hollis7g@archive.org,Female,92,99,57,Marketing,Danish,Russia,false
270,Gasparo,Fitzmaurice,gfitzmaurice7h@deviantart.com,Male,59,98,77,Marketing,Tswana,Kazakhstan,true
271,Constantin,Liddel,cliddel7i@stanford.edu,Male,62,90,71,Human Resources,Northern Sotho,Kazakhstan,true
272,Shandee,Eckersley,seckersley7j@time.com,Female,65,70,84,Engineering,Aymara,Kazakhstan,false
273,Rodger,Otteridge,rotteridge7k@about.me,Male,54,52,64,Legal,Dzongkha,Russia,false
274,Jodi,Issard,jissard7l@forbes.com,Female,73,83,80,Accounting,Albanian,Russia,true
275,Walther,Arsnell,warsnell7m@sbwire.com,Male,62,79,57,Support,Tswana,United States,false
276,Lamond,Wragge,lwragge7n@stumbleupon.com,Male,66,50,99,Product Management,Kyrgyz,United States,false
277,Sharline,Piechnik,spiechnik7o@theguardian.com,Female,59,73,89,Legal,Dari,Russia,true
278,Carolee,Jindacek,cjindacek7p@mtv.com,Female,85,74,84,Accounting,Finnish,Russia,false
279,Humberto,Wildes,hwildes7q@free.fr,Male,95,58,50,Training,Irish Gaelic,Russia,true
280,Debera,Barlow,dbarlow7r@blog.com,Female,65,66,76,Accounting,Haitian Creole,Russia,true
281,Baryram,Oseland,boseland7s@webs.com,Male,73,67,84,Business Development,Pashto,Russia,false
282,Tabbie,Sander,tsander7t@canalblog.com,Male,91,54,83,Business Development,Norwegian,Russia,false
283,Deerdre,Gasgarth,dgasgarth7u@histats.com,Female,50,97,70,Legal,Tok Pisin,Russia,false
284,Padraic,Landre,plandre7v@google.ca,Male,81,71,79,Product Management,Danish,Russia,true
285,Ogdan,Spurr,ospurr7w@army.mil,Male,96,54,99,Accounting,Northern Sotho,Russia,false
286,Seka,Kildea,skildea7x@wiley.com,Female,71,60,92,Product Management,French,Russia,false
287,Jermaine,Dumbleton,jdumbleton7y@opensource.org,Bigender,50,91,85,Legal,Montenegrin,Russia,true
288,Ferris,Lamers,flamers7z@blog.com,Male,51,98,93,Engineering,Hindi,Russia,false
289,Mart,Sherrell,msherrell80@dyndns.org,Male,79,58,76,Marketing,Afrikaans,Russia,true
290,Hersh,Calender,hcalender81@apache.org,Genderfluid,77,59,76,Marketing,Belarusian,Russia,true
291,Neall,Chadbourne,nchadbourne82@vk.com,Male,58,96,68,Product Management,Sotho,Russia,false
292,Farrah,Creigan,fcreigan83@issuu.com,Female,100,59,67,Legal,Marathi,Russia,false
293,Joye,D'Ambrogio,jdambrogio84@bbc.co.uk,Female,60,91,54,Human Resources,Marathi,Russia,true
294,Ashlen,Simond,asimond85@deviantart.com,Female,78,52,67,Legal,Yiddish,Russia,false
295,Scotti,Amorts,samorts86@apache.org,Male,60,82,85,Engineering,Nepali,Russia,true
296,Alexia,Tremmel,atremmel87@shop-pro.jp,Female,75,67,59,Sales,German,Russia,false
297,Hamish,Bilsford,hbilsford88@over-blog.com,Genderqueer,92,53,89,Training,Quechua,Russia,false
298,Terrell,Puleston,tpuleston89@ed.gov,Male,79,75,61,Business Development,Tamil,United Kingdom,true
299,Sallyann,Mash,smash8a@cdc.gov,Female,51,53,87,Human Resources,Somali,United States,false
300,Gaultiero,Biaggelli,gbiaggelli8b@edublogs.org,Male,79,94,61,Legal,Nepali,United States,false
301,Sanders,Cornelleau,scornelleau8c@gnu.org,Agender,50,69,66,Support,Amharic,Russia,true
302,Beauregard,Huburn,bhuburn8d@admin.ch,Male,77,97,76,Product Management,Italian,Russia,false
303,Gabbey,Bert,gbert8e@mlb.com,Female,92,68,64,Engineering,Ndebele,Russia,false
304,Cicily,Eldered,celdered8f@stanford.edu,Female,67,70,51,Accounting,French,Russia,false
305,Reinald,Calles,rcalles8g@dot.gov,Male,78,79,78,Marketing,Tetum,Russia,false
306,Elise,Prinett,eprinett8h@newyorker.com,Female,62,71,81,Accounting,Polish,United States,true
307,Tonnie,Willshee,twillshee8i@ifeng.com,Male,89,69,70,Engineering,Swati,United States,false
308,Leo,Sambath,lsambath8j@springer.com,Male,79,95,84,Accounting,Finnish,Russia,false
309,Eli,Halley,ehalley8k@alexa.com,Male,66,74,69,Product Management,Italian,United States,false
310,Minetta,Monger,mmonger8l@wisc.edu,Female,56,53,52,Accounting,Pashto,Russia,true
311,Killy,Allom,kallom8m@constantcontact.com,Male,52,57,93,Accounting,Aymara,Russia,true
312,Susy,Goodswen,sgoodswen8n@epa.gov,Female,95,51,93,Product Management,Thai,United States,false
313,Wilmer,Brammall,wbrammall8o@spotify.com,Male,52,52,99,Services,Hebrew,Russia,false
314,Euphemia,Prudham,eprudham8p@shinystat.com,Female,99,67,58,Legal,Fijian,Russia,true
315,Gerrie,Dinwoodie,gdinwoodie8q@baidu.com,Female,87,55,74,Legal,Filipino,Russia,true
316,Kira,Peaurt,kpeaurt8r@pen.io,Female,76,74,67,Marketing,Estonian,United States,false
317,Gussi,Merriment,gmerriment8s@bloglines.com,Female,84,98,83,Legal,Mongolian,United Kingdom,true
318,Lura,Back,lback8t@weibo.com,Female,57,77,66,Services,Moldovan,United States,false
319,Michelina,Hickisson,mhickisson8u@craigslist.org,Female,57,95,53,Services,Malagasy,Russia,true
320,Philippa,Loomes,ploomes8v@ed.gov,Female,57,79,88,Product Management,Dzongkha,Russia,true
321,Robin,Hollebon,rhollebon8w@reverbnation.com,Male,81,51,100,Business Development,Kazakh,Russia,false
322,Shepperd,Bothen,sbothen8x@rambler.ru,Male,50,84,54,Accounting,English,Russia,false
323,Andres,Hellings,ahellings8y@ucoz.com,Male,84,62,62,Accounting,Fijian,Russia,true
324,Sumner,Kemell,skemell8z@europa.eu,Male,93,85,55,Human Resources,Spanish,Russia,false
325,Fredericka,Bevens,fbevens90@booking.com,Female,76,60,63,Product Management,Punjabi,Russia,true
326,Salomon,Harle,sharle91@gmpg.org,Male,76,75,77,Research and Development,Sotho,Russia,true
327,Kaleena,Suttle,ksuttle92@naver.com,Female,78,100,68,Engineering,Malay,Russia,true
328,Scarface,Gass,sgass93@cdbaby.com,Male,86,79,93,Business Development,Albanian,Russia,true
329,Janith,Peevor,jpeevor94@loc.gov,Female,54,89,86,Research and Development,Italian,Kazakhstan,true
330,Patty,Leggen,pleggen95@redcross.org,Female,88,70,67,Marketing,Telugu,Russia,true
331,Maureen,Vashchenko,mvashchenko96@ustream.tv,Female,52,63,77,Human Resources,Finnish,Russia,false
332,Katine,Slisby,kslisby97@opera.com,Genderfluid,71,59,54,Human Resources,Nepali,United States,false
333,Mira,Mordy,mmordy98@1688.com,Female,76,76,68,Research and Development,Afrikaans,Russia,true
334,Kristopher,Serot,kserot99@yandex.ru,Male,50,72,72,Services,Georgian,Russia,false
335,Karen,Simony,ksimony9a@washingtonpost.com,Female,62,66,60,Research and Development,Estonian,United States,false
336,Leland,Gallamore,lgallamore9b@homestead.com,Female,69,59,51,Product Management,Lao,Russia,true
337,Durant,Tregale,dtregale9c@squidoo.com,Male,55,64,80,Marketing,Indonesian,Russia,true
338,Bastian,Gladdish,bgladdish9d@twitpic.com,Male,64,84,91,Services,Georgian,Russia,true
339,Avrom,Haysey,ahaysey9e@washington.edu,Male,72,79,77,Research and Development,Malay,United States,false
340,Carmela,Abelovitz,cabelovitz9f@craigslist.org,Genderfluid,96,58,98,Support,Telugu,Russia,false
341,Selle,Cluely,scluely9g@nydailynews.com,Female,50,71,69,Marketing,Albanian,Russia,false
342,Hercule,Gilluley,hgilluley9h@ucsd.edu,Male,87,51,85,Business Development,Kurdish,Russia,true
343,Millisent,Pabel,mpabel9i@pbs.org,Female,90,83,53,Human Resources,Arabic,Russia,false
344,Juliana,Tilbrook,jtilbrook9j@howstuffworks.com,Bigender,80,68,94,Support,Somali,Russia,true
345,Minda,Geale,mgeale9k@mlb.com,Female,75,94,80,Research and Development,Aymara,Russia,true
346,Marten,Morales,mmorales9l@over-blog.com,Male,71,84,82,Human Resources,Lao,Russia,false
347,Justina,Benzing,jbenzing9m@cnbc.com,Female,100,98,99,Engineering,Haitian Creole,Russia,true
348,Gregoire,Screase,gscrease9n@weibo.com,Male,95,71,90,Human Resources,Sotho,Russia,false
349,Christel,Van Velde,cvanvelde9o@timesonline.co.uk,Polygender,98,87,95,Accounting,Hungarian,United Kingdom,true
350,Consuelo,McGroarty,cmcgroarty9p@woothemes.com,Female,100,71,76,Human Resources,Norwegian,United States,true
351,Mellisa,Setterington,msetterington9q@last.fm,Female,66,98,62,Product Management,Tok Pisin,Russia,true
352,Nike,Aubury,naubury9r@psu.edu,Female,73,55,81,Engineering,Punjabi,Russia,false
353,Koren,MacPaike,kmacpaike9s@google.fr,Female,73,58,54,Product Management,Polish,United States,false
354,Fayina,Pennetti,fpennetti9t@google.co.jp,Female,94,94,61,Services,Dutch,United States,true
355,Sunshine,Carmo,scarmo9u@state.gov,Polygender,86,80,65,Engineering,Lao,Russia,false
356,Farrel,Amort,famort9v@mapy.cz,Male,97,94,73,Support,German,United States,false
357,Carce,Crease,ccrease9w@ycombinator.com,Male,80,99,81,Product Management,Georgian,United States,true
358,Jarib,Crewdson,jcrewdson9x@nydailynews.com,Male,60,56,87,Sales,Indonesian,Russia,false
359,Elberta,Glaysher,eglaysher9y@forbes.com,Genderfluid,62,86,76,Training,Japanese,Russia,false
360,Sterling,Krimmer,skrimmer9z@blogger.com,Male,51,76,76,Product Management,Kazakh,Russia,false
361,Pammy,Shiliton,pshilitona0@wordpress.com,Female,72,88,87,Business Development,Italian,Russia,true
362,Riva,Stuttard,rstuttarda1@about.me,Female,76,54,83,Services,Hindi,Russia,true
363,Hamid,Notti,hnottia2@w3.org,Male,50,51,57,Accounting,Hebrew,United States,true
364,Herrick,Joss,hjossa3@bluehost.com,Male,64,51,90,Human Resources,Thai,Russia,false
365,Ranice,Paniman,rpanimana4@networkadvertising.org,Female,59,100,88,Support,Korean,Russia,false
366,Herculie,Ivermee,hivermeea5@tamu.edu,Male,54,64,61,Marketing,Kashmiri,United States,false
367,Haydon,Soane,hsoanea6@who.int,Male,94,88,83,Research and Development,German,Russia,false
368,Madge,Zelley,mzelleya7@reference.com,Female,64,76,73,Legal,Polish,Russia,false
369,Louise,Arnaudon,larnaudona8@goodreads.com,Polygender,60,62,80,Engineering,Bulgarian,United States,true
370,Raynard,Dillimore,rdillimorea9@mozilla.org,Male,76,67,84,Training,Amharic,Russia,true
371,Betty,Ayres,bayresaa@eepurl.com,Non-binary,55,95,56,Legal,Georgian,Russia,true
372,Annamaria,O' Meara,aomearaab@google.fr,Female,89,61,66,Business Development,Albanian,United States,true
373,Barde,Collens,bcollensac@pinterest.com,Non-binary,93,82,95,Marketing,Maltese,United States,false
374,Terrell,Titcumb,ttitcumbad@shutterfly.com,Genderfluid,83,69,97,Business Development,Czech,Russia,true
375,Gillian,Candelin,gcandelinae@typepad.com,Female,87,62,66,Product Management,Latvian,United States,false
376,Ignatius,Bambrick,ibambrickaf@abc.net.au,Male,86,61,68,Sales,Tsonga,Russia,false
377,Hurleigh,Bettridge,hbettridgeag@cdc.gov,Genderqueer,77,66,88,Sales,Bosnian,Russia,true
378,Alicia,Oscroft,aoscroftah@meetup.com,Female,88,78,91,Product Management,Tsonga,Russia,false
379,Lanie,Bazelle,lbazelleai@linkedin.com,Female,54,58,99,Services,Hebrew,Kazakhstan,true
380,Avigdor,Mordy,amordyaj@google.cn,Male,78,76,60,Legal,Kurdish,Russia,false
381,Pamelina,Taks,ptaksak@ibm.com,Female,85,86,74,Marketing,Estonian,Russia,false
382,Zia,Ockenden,zockendenal@amazon.com,Female,76,66,94,Training,Bosnian,United States,false
383,Florance,Navaro,fnavaroam@cbsnews.com,Female,50,75,55,Services,Indonesian,United States,false
384,Dav,Bernier,dbernieran@msn.com,Male,74,68,92,Services,Dutch,Kazakhstan,false
385,Keri,Grimsey,kgrimseyao@usgs.gov,Female,50,98,94,Legal,Marathi,United States,true
386,Cullie,Rehorek,crehorekap@nature.com,Male,72,90,57,Sales,Dzongkha,Russia,true
387,Drake,Roubert,droubertaq@seattletimes.com,Male,93,53,92,Human Resources,Bulgarian,United States,true
388,Carmelia,Cafferky,ccafferkyar@google.com,Female,78,100,99,Research and Development,Gujarati,United States,true
389,Robbie,Wofenden,rwofendenas@mlb.com,Female,87,53,88,Marketing,Tetum,United States,true
390,Cordie,Foynes,cfoynesat@yelp.com,Male,52,57,97,Services,Papiamento,Russia,false
391,Cher,Santon,csantonau@mac.com,Female,86,82,93,Marketing,Hebrew,Russia,false
392,Joan,Forward,jforwardav@wufoo.com,Female,65,55,65,Training,French,Russia,false
393,Pace,Halliburton,phalliburtonaw@sun.com,Polygender,62,68,66,Business Development,Spanish,Russia,true
394,Dev,Tremellier,dtremellierax@360.cn,Male,52,97,51,Business Development,Assamese,United States,true
395,Eddy,Lightbowne,elightbowneay@nhs.uk,Female,65,60,56,Support,Chinese,Russia,false
396,Dyan,McVey,dmcveyaz@1und1.de,Female,53,82,65,Human Resources,Ndebele,Russia,true
397,Felita,Steels,fsteelsb0@last.fm,Non-binary,66,90,51,Legal,Finnish,Russia,false
398,Nadean,Tabert,ntabertb1@google.nl,Female,61,67,93,Engineering,Amharic,Russia,false
399,Loydie,Cowherd,lcowherdb2@163.com,Male,59,61,54,Support,Italian,Russia,false
400,Yvette,Jansik,yjansikb3@abc.net.au,Female,55,89,68,Engineering,Yiddish,Russia,true
401,Anya,Draco,adracob4@paginegialle.it,Female,96,75,69,Sales,Fijian,United States,true
402,Kyrstin,Flott,kflottb5@deliciousdays.com,Female,55,86,76,Support,Latvian,United States,true
403,Violante,Dary,vdaryb6@un.org,Genderqueer,80,74,87,Accounting,Korean,Russia,false
404,Quill,Terzi,qterzib7@netvibes.com,Male,60,56,80,Engineering,English,Kazakhstan,true
405,Harriett,Hammond,hhammondb8@odnoklassniki.ru,Female,99,56,89,Support,Georgian,Russia,true
406,Tynan,Fealey,tfealeyb9@google.co.jp,Male,59,57,78,Research and Development,Burmese,Russia,true
407,Meta,Lawles,mlawlesba@sohu.com,Female,95,66,71,Accounting,Sotho,Russia,true
408,Bryant,Peatheyjohns,bpeatheyjohnsbb@vk.com,Male,52,77,58,Engineering,Northern Sotho,Russia,true
409,Manon,Pavlishchev,mpavlishchevbc@meetup.com,Female,64,52,56,Support,West Frisian,Russia,true
410,Raff,Nesbitt,rnesbittbd@macromedia.com,Male,79,67,95,Business Development,Filipino,Kazakhstan,false
411,Cam,Rolston,crolstonbe@msu.edu,Female,55,82,64,Support,Tok Pisin,Russia,true
412,Wallas,Percy,wpercybf@oakley.com,Male,51,77,88,Product Management,Zulu,United States,true
413,Guillermo,Betteson,gbettesonbg@networkadvertising.org,Male,69,89,62,Engineering,New Zealand Sign Language,Russia,true
414,Morie,Radolf,mradolfbh@answers.com,Male,67,56,84,Support,Mongolian,United States,true
415,Jerrilee,Youles,jyoulesbi@smh.com.au,Female,75,93,95,Human Resources,Hebrew,United Kingdom,false
416,June,De Roberto,jderobertobj@gov.uk,Female,100,61,81,Accounting,Gagauz,Russia,false
417,Chance,Chittleburgh,cchittleburghbk@paginegialle.it,Male,83,95,78,Human Resources,Gagauz,United States,false
418,Malvina,Ferrier,mferrierbl@abc.net.au,Female,67,83,88,Product Management,Hebrew,Russia,true
419,Siusan,Mackneis,smackneisbm@yelp.com,Female,96,65,92,Research and Development,Zulu,United States,false
420,Orion,Hame,ohamebn@about.me,Male,92,71,61,Support,Tsonga,Russia,true
421,Corey,Ackred,cackredbo@reddit.com,Bigender,85,73,88,Support,Armenian,Russia,true
422,Kerrie,Greenstreet,kgreenstreetbp@princeton.edu,Female,92,55,64,Accounting,Luxembourgish,United States,true
423,Sheilakathryn,Lacasa,slacasabq@springer.com,Female,65,58,66,Engineering,Italian,Russia,false
424,Cristobal,Hanhard,chanhardbr@epa.gov,Male,72,64,90,Engineering,Spanish,Russia,false
425,Helli,Blackaby,hblackabybs@tiny.cc,Female,66,59,98,Services,Sotho,United States,true
426,Axel,McKimmey,amckimmeybt@delicious.com,Male,84,90,67,Services,Persian,Russia,false
427,Caitrin,Cliff,ccliffbu@stumbleupon.com,Female,79,97,55,Marketing,Oriya,United States,true
428,Genovera,Cajkler,gcajklerbv@wordpress.com,Female,72,80,83,Sales,Chinese,Russia,false
429,Gunner,Cantwell,gcantwellbw@amazonaws.com,Male,59,51,71,Engineering,Afrikaans,United States,false
430,Coralie,Levene,clevenebx@hc360.com,Female,88,62,88,Services,Danish,Russia,false
431,Berget,Crus,bcrusby@etsy.com,Female,87,96,75,Services,Dzongkha,Russia,false
432,Arleyne,Canniffe,acanniffebz@dropbox.com,Female,71,51,78,Engineering,Greek,Russia,false
433,Gleda,Holby,gholbyc0@trellian.com,Female,77,68,84,Marketing,Icelandic,Russia,true
434,Errol,Binch,ebinchc1@constantcontact.com,Male,55,69,85,Product Management,Tetum,United States,true
435,Xever,Folbig,xfolbigc2@plala.or.jp,Male,99,68,86,Product Management,Gujarati,Kazakhstan,false
436,Quintus,Gofton,qgoftonc3@odnoklassniki.ru,Male,96,89,72,Services,Maltese,United States,true
437,Archibald,Rishbrook,arishbrookc4@google.es,Male,95,55,53,Sales,Pashto,Russia,true
438,Philbert,De Santos,pdesantosc5@smh.com.au,Male,82,55,60,Marketing,New Zealand Sign Language,Russia,false
439,Glenn,Goosnell,ggoosnellc6@nymag.com,Female,97,88,84,Services,Tsonga,United States,false
440,Frieda,Aleksandrikin,faleksandrikinc7@dot.gov,Female,58,65,63,Support,Arabic,United States,false
441,Lily,Colson,lcolsonc8@indiatimes.com,Female,90,82,91,Engineering,Icelandic,Russia,true
442,Marijo,Jerams,mjeramsc9@yahoo.com,Female,76,78,97,Business Development,Swedish,Russia,false
443,Augustus,Clothier,aclothierca@newsvine.com,Male,76,100,87,Marketing,Nepali,United States,false
444,Andy,Oxlade,aoxladecb@yale.edu,Male,84,62,63,Product Management,Luxembourgish,Russia,false
445,Adrea,Radmer,aradmercc@fda.gov,Female,54,62,73,Accounting,Icelandic,United States,false
446,Dannie,Collecott,dcollecottcd@yelp.com,Female,66,51,100,Human Resources,Kurdish,Russia,true
447,Gae,Mosdill,gmosdillce@miibeian.gov.cn,Female,63,98,89,Accounting,Punjabi,United States,true
448,Corbet,Hildred,childredcf@angelfire.com,Male,89,81,73,Support,Telugu,Russia,true
449,Karney,Aronson,karonsoncg@businessweek.com,Male,84,92,60,Support,Azeri,Russia,false
450,Tiebout,Joscelin,tjoscelinch@addthis.com,Male,82,55,74,Research and Development,Luxembourgish,United States,true
451,Delaney,Coots,dcootsci@devhub.com,Male,85,100,67,Human Resources,Bosnian,Russia,true
452,Tatum,Eglington,teglingtoncj@craigslist.org,Female,99,69,61,Support,Malagasy,Russia,false
453,Mateo,Blazej,mblazejck@netvibes.com,Non-binary,88,97,71,Training,Mongolian,Russia,true
454,Nester,Batchan,nbatchancl@wired.com,Male,53,55,54,Human Resources,Irish Gaelic,Kazakhstan,true
455,Thain,Stigger,tstiggercm@google.co.jp,Male,82,69,52,Legal,Kurdish,United States,true
456,Vanna,Morley,vmorleycn@utexas.edu,Female,51,60,100,Support,Icelandic,Russia,false
457,Katy,Iacovino,kiacovinoco@buzzfeed.com,Female,93,82,56,Legal,Luxembourgish,Russia,false
458,Jaquelin,Ionn,jionncp@example.com,Female,88,92,79,Human Resources,Kurdish,Russia,false
459,Coralie,Croad,ccroadcq@apache.org,Female,92,75,52,Product Management,Greek,Russia,true
460,Evita,O'Brian,eobriancr@smh.com.au,Female,55,92,80,Research and Development,Somali,Russia,false
461,Reggie,Instone,rinstonecs@wikimedia.org,Male,96,69,81,Sales,Tswana,Russia,false
462,Morly,Sultana,msultanact@behance.net,Male,62,95,90,Product Management,Catalan,United States,true
463,Kimmi,Poundsford,kpoundsfordcu@etsy.com,Female,76,66,87,Human Resources,Somali,Russia,true
464,Emelina,Cogdell,ecogdellcv@tamu.edu,Female,99,79,68,Services,Nepali,Russia,false
465,Lora,Marklin,lmarklincw@aol.com,Female,95,63,58,Legal,Marathi,Russia,false
466,Gar,Koba,gkobacx@desdev.cn,Male,56,80,65,Marketing,Croatian,Russia,true
467,Murvyn,Conkie,mconkiecy@wired.com,Male,66,75,63,Sales,Estonian,Russia,false
468,Bobbie,Tofpik,btofpikcz@dropbox.com,Male,77,57,61,Training,Oriya,United States,false
469,Elsi,Torrie,etorried0@chicagotribune.com,Non-binary,64,66,92,Support,Kannada,Russia,true
470,Brocky,Ferie,bferied1@1und1.de,Male,96,95,94,Legal,Malagasy,Russia,true
471,Dyna,Vettore,dvettored2@friendfeed.com,Female,80,67,98,Business Development,Punjabi,United States,true
472,Chaddy,Higounet,chigounetd3@time.com,Male,69,74,78,Accounting,Kazakh,Russia,true
473,Donelle,Rosborough,drosboroughd4@jalbum.net,Non-binary,71,100,67,Legal,Czech,Russia,true
474,Carver,Schimonek,cschimonekd5@addtoany.com,Male,66,56,81,Research and Development,Danish,Russia,true
475,Michal,Tench,mtenchd6@simplemachines.org,Male,92,54,54,Human Resources,Tok Pisin,Russia,true
476,Violette,Janouch,vjanouchd7@unblog.fr,Female,79,96,52,Marketing,Ndebele,Russia,false
477,Jill,Clench,jclenchd8@wsj.com,Female,76,70,82,Services,West Frisian,United States,true
478,Chickie,McGaugan,cmcgaugand9@miitbeian.gov.cn,Male,95,64,54,Research and Development,Indonesian,United States,true
479,Marleah,Dudlestone,mdudlestoneda@ted.com,Female,67,90,63,Legal,Persian,Russia,false
480,Mathew,Webb,mwebbdb@4shared.com,Male,63,74,70,Sales,Tsonga,Russia,false
481,Maribelle,Maudlen,mmaudlendc@blogs.com,Agender,80,83,55,Marketing,Catalan,Russia,true
482,Erminia,Codi,ecodidd@seattletimes.com,Female,82,89,73,Services,Dzongkha,Russia,false
483,Sheela,O'Mullally,somullallyde@themeforest.net,Non-binary,97,74,90,Marketing,Persian,United States,true
484,Freeman,Royce,froycedf@pinterest.com,Male,73,86,55,Accounting,Kashmiri,Russia,true
485,Bren,Batram,bbatramdg@pbs.org,Bigender,85,73,93,Accounting,Amharic,Russia,true
486,Wilt,Sheach,wsheachdh@yellowpages.com,Male,64,80,65,Support,Ndebele,United States,true
487,Rubie,Sproat,rsproatdi@sciencedirect.com,Female,52,72,82,Accounting,Gujarati,Russia,false
488,Engracia,Loving,elovingdj@scribd.com,Female,97,77,81,Marketing,Telugu,Russia,true
489,Jeromy,Flannery,jflannerydk@storify.com,Male,62,58,77,Training,Latvian,Russia,true
490,Eolanda,Tiplady,etipladydl@ovh.net,Female,85,57,99,Services,Kazakh,United States,false
491,Chickie,Achromov,cachromovdm@springer.com,Male,57,51,100,Research and Development,Tok Pisin,Russia,true
492,Clare,Meneghelli,cmeneghellidn@webmd.com,Male,65,88,96,Business Development,Persian,United States,false
493,Gherardo,Butteris,gbutterisdo@examiner.com,Male,57,50,97,Business Development,Macedonian,United States,true
494,Regan,Matevushev,rmatevushevdp@berkeley.edu,Agender,78,73,59,Business Development,Quechua,Russia,true
495,Broddy,Williamson,bwilliamsondq@ovh.net,Male,88,98,87,Support,Pashto,Russia,true
496,Sherill,McMeyler,smcmeylerdr@weebly.com,Female,71,92,66,Sales,Malay,Russia,true
497,Paulo,Atwell,patwellds@barnesandnoble.com,Male,56,91,63,Business Development,Swati,Russia,false
498,Hanson,Di Filippo,hdifilippodt@yelp.com,Non-binary,86,60,55,Accounting,Thai,Russia,true
499,Anna-maria,Sparkwill,asparkwilldu@wsj.com,Female,50,93,99,Human Resources,Kyrgyz,Russia,false
500,Ragnar,Worton,rwortondv@ucoz.com,Male,68,83,50,Product Management,Marathi,Russia,true
501,Bary,Willbond,bwillbonddw@multiply.com,Male,95,68,77,Product Management,Zulu,United States,false
502,Duky,Kitchingman,dkitchingmandx@spotify.com,Male,51,98,61,Business Development,Lao,United States,false
503,Jose,Cashford,jcashforddy@opera.com,Male,90,99,89,Services,Telugu,Russia,true
504,Nikaniki,Howley,nhowleydz@newsvine.com,Female,90,50,81,Research and Development,Assamese,Russia,false
505,Olivette,Larimer,olarimere0@theguardian.com,Female,88,77,81,Engineering,Kashmiri,Russia,true
506,Em,Tacey,etaceye1@uiuc.edu,Female,52,61,52,Legal,Hiri Motu,Russia,false
507,Roderich,Corryer,rcorryere2@apache.org,Male,73,96,88,Human Resources,Pashto,Russia,true
508,Mannie,Bockman,mbockmane3@patch.com,Male,87,76,72,Research and Development,Gujarati,Russia,true
509,Micheil,Sambell,msambelle4@nature.com,Male,97,99,60,Engineering,Lao,Russia,false
510,Wang,Allbones,wallbonese5@engadget.com,Male,62,94,50,Product Management,Tajik,Russia,false
511,Sarita,McCallum,smccallume6@google.ca,Female,91,63,64,Human Resources,Quechua,Russia,false
512,Sebastien,Tuberfield,stuberfielde7@usatoday.com,Male,95,96,99,Training,Kannada,Russia,false
513,Reese,Joannic,rjoannice8@google.co.jp,Male,79,69,90,Marketing,Indonesian,Russia,false
514,Libbie,Onion,lonione9@oracle.com,Female,78,68,53,Services,Lithuanian,United States,true
515,Edin,Kennifick,ekennifickea@sina.com.cn,Female,56,62,98,Sales,Northern Sotho,United States,false
516,Konstanze,Eddicott,keddicotteb@statcounter.com,Female,61,82,84,Accounting,Sotho,Russia,true
517,Temp,Iwanczyk,tiwanczykec@ftc.gov,Male,81,98,76,Human Resources,Afrikaans,Russia,false
518,Corrinne,Wynrehame,cwynrehameed@amazon.de,Agender,56,75,58,Services,Swati,Russia,true
519,Ezra,Wasielewski,ewasielewskiee@flavors.me,Male,93,50,91,Training,Tetum,Russia,true
520,Celestina,Hirschmann,chirschmannef@arstechnica.com,Female,68,78,92,Services,Korean,Russia,false
521,Catlin,Bulluck,cbulluckeg@who.int,Female,74,81,91,Product Management,Bosnian,Russia,false
522,Gerrie,Acaster,gacastereh@homestead.com,Male,76,69,52,Accounting,Hindi,Russia,true
523,Alfredo,Hanbridge,ahanbridgeei@fema.gov,Male,67,83,96,Services,Aymara,United States,true
524,Dillon,Allsobrook,dallsobrookej@constantcontact.com,Agender,54,65,91,Training,Dzongkha,United States,true
525,Wallache,Cliburn,wcliburnek@engadget.com,Male,79,58,83,Sales,Hindi,Russia,false
526,Filide,Legan,fleganel@ibm.com,Genderfluid,62,92,79,Business Development,Gagauz,Russia,true
527,Danella,Jakubovsky,djakubovskyem@irs.gov,Female,65,78,86,Engineering,Yiddish,Russia,false
528,Archibald,Iacovuzzi,aiacovuzzien@cam.ac.uk,Male,74,82,52,Services,Dhivehi,Russia,true
529,Felix,Tothacot,ftothacoteo@indiegogo.com,Male,93,100,100,Marketing,Gujarati,Russia,false
530,Klemens,Priddie,kpriddieep@privacy.gov.au,Male,73,51,73,Services,Portuguese,Russia,true
531,Aila,Argile,aargileeq@ow.ly,Female,92,88,95,Product Management,Lao,United States,false
532,Cassaundra,Swadlin,cswadliner@weibo.com,Female,54,71,57,Services,Albanian,Russia,true
533,Mark,Legerwood,mlegerwoodes@constantcontact.com,Male,83,57,83,Services,Japanese,Russia,true
534,Imogen,Mulliss,imullisset@harvard.edu,Female,86,90,89,Support,Icelandic,Russia,true
535,Rogers,Cogzell,rcogzelleu@pcworld.com,Male,99,82,98,Engineering,Marathi,Russia,true
536,Robb,Gilluley,rgilluleyev@liveinternet.ru,Male,52,71,99,Training,Thai,Russia,true
537,Sheffy,Leynton,sleyntonew@marketwatch.com,Male,93,70,60,Research and Development,Nepali,Russia,true
538,Glenine,Skellington,gskellingtonex@cocolog-nifty.com,Female,62,100,57,Support,Chinese,Russia,false
539,Rowena,Cullivan,rcullivaney@networksolutions.com,Bigender,85,69,74,Marketing,Quechua,Russia,false
540,Rafaela,Jelk,rjelkez@google.com.hk,Female,86,100,83,Training,Mongolian,Russia,true
541,Ivory,Giddens,igiddensf0@pbs.org,Female,51,63,86,Sales,Hiri Motu,Russia,true
542,Chantal,Paulsen,cpaulsenf1@tinypic.com,Female,61,73,86,Training,French,United States,false
543,Aguste,Kingsly,akingslyf2@symantec.com,Genderfluid,80,58,60,Marketing,Dzongkha,Russia,false
544,Lemuel,Stollenbeck,lstollenbeckf3@oakley.com,Non-binary,61,88,72,Human Resources,Tsonga,Russia,true
545,Aida,Edinburough,aedinburoughf4@patch.com,Female,59,59,62,Human Resources,Catalan,United States,true
546,Julie,Rugg,jruggf5@deviantart.com,Male,57,88,75,Marketing,Bosnian,United States,true
547,Margalit,Raysdale,mraysdalef6@mit.edu,Female,75,68,50,Services,Kurdish,Russia,true
548,Eden,Sysland,esyslandf7@dailymotion.com,Female,68,78,64,Business Development,Tok Pisin,Russia,true
549,Ronni,Charity,rcharityf8@princeton.edu,Female,85,83,68,Research and Development,Filipino,Russia,true
550,North,Couling,ncoulingf9@umn.edu,Male,100,73,89,Product Management,Danish,Russia,false
551,Fairfax,Goscar,fgoscarfa@salon.com,Male,65,83,91,Engineering,Tamil,Russia,false
552,Oralia,Siley,osileyfb@usnews.com,Agender,64,73,63,Sales,Bengali,Kazakhstan,true
553,Sigismondo,Denford,sdenfordfc@csmonitor.com,Male,65,98,67,Business Development,Kannada,United States,false
554,Krystyna,Burnett,kburnettfd@weebly.com,Female,91,94,87,Legal,Mongolian,Kazakhstan,true
555,Skyler,Bucknall,sbucknallfe@hao123.com,Male,80,82,58,Engineering,German,Russia,true
556,Barnaby,Bishopp,bbishoppff@sciencedaily.com,Male,85,58,61,Marketing,Gagauz,United States,false
557,Christy,Guyonneau,cguyonneaufg@vinaora.com,Female,80,74,52,Product Management,Kyrgyz,Russia,false
558,Marcela,Poulter,mpoulterfh@reverbnation.com,Female,98,84,84,Legal,French,Russia,false
559,Francesca,Essel,fesselfi@symantec.com,Female,91,80,82,Research and Development,French,Russia,false
560,Torrey,Bedberry,tbedberryfj@newsvine.com,Polygender,60,50,95,Research and Development,Northern Sotho,Russia,true
561,Gerome,Mangeot,gmangeotfk@hatena.ne.jp,Male,53,91,59,Product Management,Hebrew,United States,false
562,Ephrayim,Tandey,etandeyfl@cocolog-nifty.com,Male,92,66,51,Human Resources,Hungarian,Russia,true
563,Verne,Winpenny,vwinpennyfm@ebay.co.uk,Male,99,81,61,Sales,Hebrew,Russia,false
564,Corney,Geist,cgeistfn@biglobe.ne.jp,Male,76,52,84,Human Resources,Marathi,Russia,true
565,Tarra,Brant,tbrantfo@furl.net,Female,67,54,78,Product Management,Norwegian,Russia,true
566,Vere,Leithgoe,vleithgoefp@fema.gov,Female,65,61,83,Business Development,Estonian,United States,false
567,Sally,Loren,slorenfq@opensource.org,Female,71,76,99,Product Management,West Frisian,Russia,true
568,Isadore,Dirr,idirrfr@ameblo.jp,Male,92,52,51,Training,Gujarati,United States,true
569,Ashly,Cairns,acairnsfs@umn.edu,Female,93,56,85,Marketing,Armenian,United States,true
570,Thomasin,Glanders,tglandersft@ifeng.com,Genderqueer,98,82,55,Legal,Greek,United States,true
571,Annamarie,Larn,alarnfu@examiner.com,Female,98,60,71,Training,Guaraní,Russia,false
572,Cosmo,Hachard,chachardfv@buzzfeed.com,Male,57,51,88,Product Management,Bengali,Russia,true
573,Elisabet,Laughtisse,elaughtissefw@blogspot.com,Female,91,61,98,Human Resources,Nepali,Russia,true
574,Paolo,Mayou,pmayoufx@msn.com,Male,96,80,88,Training,Dutch,Russia,true
575,Coleman,Tombleson,ctomblesonfy@xing.com,Male,71,90,93,Human Resources,Armenian,Russia,true
576,Cloris,Fowles,cfowlesfz@vk.com,Female,77,91,68,Product Management,Kazakh,Russia,false
577,Thorin,Rubee,trubeeg0@geocities.com,Male,72,54,70,Product Management,Tetum,Russia,true
578,Tabatha,Dwyr,tdwyrg1@altervista.org,Female,75,93,97,Training,Dari,Kazakhstan,false
579,Hazlett,Vittori,hvittorig2@de.vu,Male,57,64,93,Training,Romanian,United States,true
580,Ania,Cowper,acowperg3@psu.edu,Female,90,86,55,Support,Guaraní,United States,false
581,Domenico,Dorbin,ddorbing4@4shared.com,Male,83,55,59,Legal,Gagauz,Russia,false
582,Barb,Spender,bspenderg5@opera.com,Agender,77,92,56,Research and Development,Icelandic,Russia,false
583,Dorothea,Stead,dsteadg6@bluehost.com,Female,64,75,92,Marketing,Swahili,Russia,false
584,Winne,Cud,wcudg7@auda.org.au,Female,91,50,60,Business Development,Hebrew,United States,false
585,Arny,Goodered,agooderedg8@tinypic.com,Male,97,97,51,Engineering,Oriya,United States,true
586,Barrett,Cordelette,bcordeletteg9@wikipedia.org,Male,51,79,71,Business Development,Japanese,Russia,false
587,Edwin,Stagge,estaggega@gmpg.org,Male,77,77,67,Human Resources,Malay,Russia,false
588,Mohandis,Eastmond,meastmondgb@ox.ac.uk,Male,62,85,100,Services,Quechua,Russia,true
589,Omar,Tunnacliffe,otunnacliffegc@jugem.jp,Male,92,92,83,Services,Amharic,Russia,false
590,Quincey,Brazener,qbrazenergd@blog.com,Male,88,60,99,Legal,West Frisian,United States,true
591,Jameson,Plank,jplankge@globo.com,Male,88,75,92,Sales,Zulu,United States,false
592,Josey,Duchateau,jduchateaugf@bbc.co.uk,Female,80,55,57,Business Development,Catalan,Russia,true
593,Janeczka,Burkhill,jburkhillgg@home.pl,Female,59,84,94,Business Development,Hindi,Russia,true
594,Chrissie,Luckwell,cluckwellgh@deliciousdays.com,Male,96,52,70,Training,Tsonga,United States,false
595,Maryjane,Jencey,mjenceygi@admin.ch,Female,93,82,54,Accounting,Gagauz,Russia,true
596,Madonna,Medcraft,mmedcraftgj@irs.gov,Female,59,94,90,Business Development,Swedish,Russia,false
597,Rose,Frenchum,rfrenchumgk@marriott.com,Female,71,61,70,Training,Dzongkha,United States,true
598,Avie,Champ,achampgl@issuu.com,Female,99,54,100,Accounting,Polish,Russia,false
599,Bethanne,Hatfull,bhatfullgm@deliciousdays.com,Female,60,62,58,Support,Indonesian,Russia,true
600,Amalie,McMyler,amcmylergn@google.es,Female,67,92,57,Research and Development,Māori,Russia,false
601,Emelen,Wellsman,ewellsmango@businessweek.com,Male,58,65,79,Engineering,Czech,United States,false
602,Reinhold,Dow,rdowgp@toplist.cz,Male,95,87,64,Marketing,West Frisian,Russia,true
603,Clementine,Tetlow,ctetlowgq@flavors.me,Female,93,51,64,Accounting,Amharic,Russia,false
604,Chiquita,Baulcombe,cbaulcombegr@diigo.com,Female,93,59,65,Sales,Hindi,Russia,true
605,Tracey,Huttley,thuttleygs@umich.edu,Bigender,85,56,57,Services,Lao,United States,true
606,Florian,Tison,ftisongt@is.gd,Male,75,73,52,Human Resources,Zulu,Russia,false
607,Trista,Cordaroy,tcordaroygu@tinyurl.com,Non-binary,54,62,79,Product Management,Lithuanian,Russia,false
608,Austina,Haylor,ahaylorgv@cisco.com,Female,81,92,100,Engineering,Somali,Russia,true
609,Brewer,Gumby,bgumbygw@hud.gov,Male,100,55,86,Training,Tsonga,Russia,true
610,Mallory,Preedy,mpreedygx@google.pl,Female,73,74,87,Product Management,German,Russia,true
611,Reuven,Drayton,rdraytongy@blogspot.com,Male,53,72,96,Accounting,Tswana,Russia,true
612,Rhiamon,Stell,rstellgz@shareasale.com,Female,95,74,69,Marketing,Bislama,Russia,true
613,Chauncey,Hulson,chulsonh0@sakura.ne.jp,Male,65,69,77,Legal,Guaraní,United States,true
614,Roley,Prudence,rprudenceh1@disqus.com,Male,62,98,72,Sales,Kazakh,Russia,false
615,Napoleon,Castana,ncastanah2@ebay.co.uk,Male,54,55,81,Human Resources,Azeri,Russia,false
616,Lulita,McCardle,lmccardleh3@bizjournals.com,Female,79,70,53,Marketing,Portuguese,Russia,true
617,Evyn,Muino,emuinoh4@bigcartel.com,Male,85,78,81,Research and Development,Portuguese,United States,false
618,Henrietta,Vasilenko,hvasilenkoh5@redcross.org,Female,78,71,84,Research and Development,German,Russia,false
619,Humfrey,Hirsch,hhirschh6@seesaa.net,Male,82,82,84,Services,Lithuanian,Russia,false
620,Jeramie,Crampsey,jcrampseyh7@chron.com,Male,85,88,79,Support,Khmer,Russia,true
621,Jaynell,Carillo,jcarilloh8@csmonitor.com,Agender,75,92,93,Research and Development,Malagasy,Russia,false
622,Warner,Gosz,wgoszh9@goodreads.com,Male,53,85,89,Business Development,Papiamento,Russia,false
623,Elna,Lanmeid,elanmeidha@google.de,Female,59,53,54,Legal,Kannada,United States,false
624,Kalil,Croston,kcrostonhb@tinyurl.com,Male,74,87,68,Human Resources,Telugu,Russia,false
625,Corny,Mayzes,cmayzeshc@reuters.com,Female,87,50,67,Research and Development,Swahili,Russia,true
626,Selle,Owtram,sowtramhd@salon.com,Female,79,59,63,Accounting,Nepali,Russia,false
627,Cletis,Eich,ceichhe@harvard.edu,Male,66,88,58,Legal,Zulu,Russia,false
628,Sidonnie,Fox,sfoxhf@typepad.com,Female,53,62,88,Product Management,Chinese,Russia,true
629,Willette,Kennedy,wkennedyhg@simplemachines.org,Female,52,93,74,Services,Latvian,Russia,true
630,Joshuah,Phalip,jphaliphh@mtv.com,Male,63,52,90,Research and Development,Kannada,Russia,true
631,Filippo,Whinray,fwhinrayhi@buzzfeed.com,Male,68,74,67,Human Resources,Polish,Russia,false
632,Darsie,Orneblow,dorneblowhj@microsoft.com,Female,68,78,96,Business Development,Gujarati,Russia,false
633,Quintus,Maughan,qmaughanhk@moonfruit.com,Male,90,51,94,Product Management,Marathi,United States,false
634,Thor,Lowdiane,tlowdianehl@cpanel.net,Male,78,98,86,Services,Burmese,United States,false
635,Somerset,Kittoe,skittoehm@lycos.com,Male,72,64,57,Services,Marathi,Russia,false
636,Fons,Dunsmuir,fdunsmuirhn@squarespace.com,Male,92,91,54,Business Development,Swati,Russia,false
637,Bret,Abramov,babramovho@google.com.hk,Male,99,92,59,Human Resources,Icelandic,Russia,true
638,Mady,Nucci,mnuccihp@oaic.gov.au,Female,73,79,54,Engineering,Dzongkha,United States,false
639,Lombard,Iacoviello,liacoviellohq@hp.com,Male,80,54,69,Accounting,Malagasy,Russia,true
640,Goldie,Breakwell,gbreakwellhr@jalbum.net,Female,68,58,99,Research and Development,Kashmiri,Russia,true
641,Oralia,Boniface,obonifacehs@uol.com.br,Female,86,93,94,Accounting,Belarusian,Russia,true
642,Bruce,Rawkesby,brawkesbyht@amazon.de,Male,81,84,84,Research and Development,Danish,Russia,false
643,Clarie,Simonot,csimonothu@xinhuanet.com,Agender,84,79,51,Accounting,Hebrew,Russia,false
644,Dan,Whisby,dwhisbyhv@diigo.com,Male,50,76,61,Marketing,Thai,United States,true
645,Brandy,Dencs,bdencshw@businesswire.com,Male,85,80,79,Accounting,Kyrgyz,United States,false
646,Edwin,Paylie,epayliehx@google.com.au,Male,69,60,61,Training,Thai,United States,true
647,Sallie,Dewes,sdeweshy@soundcloud.com,Female,96,67,91,Accounting,Dari,United States,false
648,Frants,Miskimmon,fmiskimmonhz@dedecms.com,Male,63,62,76,Sales,Lao,United States,true
649,Viki,Amber,vamberi0@goo.ne.jp,Female,84,53,92,Human Resources,Bulgarian,Russia,true
650,Ellyn,Pulster,epulsteri1@cpanel.net,Female,100,97,91,Sales,Azeri,United States,true
651,Conchita,Bullerwell,cbullerwelli2@senate.gov,Agender,72,67,93,Research and Development,Czech,Russia,true
652,Marcus,Howden,mhowdeni3@paypal.com,Male,74,62,86,Research and Development,Pashto,United States,false
653,Keary,Smitton,ksmittoni4@posterous.com,Male,90,53,56,Marketing,Moldovan,United States,true
654,Pia,Lund,plundi5@people.com.cn,Female,69,68,62,Services,Maltese,Russia,false
655,Demeter,Sleep,dsleepi6@hugedomains.com,Female,54,87,78,Sales,Persian,Russia,true
656,Barny,Sollner,bsollneri7@1688.com,Male,64,69,59,Accounting,Lithuanian,Russia,false
657,Kizzee,Olford,kolfordi8@wikipedia.org,Female,79,61,64,Human Resources,Papiamento,Russia,false
658,Claudian,Creamer,ccreameri9@apache.org,Polygender,54,62,51,Business Development,Gagauz,United States,false
659,Thomasine,Acomb,tacombia@nba.com,Genderqueer,96,100,53,Research and Development,Portuguese,Russia,false
660,Boigie,Reynold,breynoldib@com.com,Male,62,87,51,Legal,Sotho,Russia,false
661,Noel,Barnewall,nbarnewallic@ucoz.com,Male,67,89,62,Marketing,French,Kazakhstan,true
662,Philippe,D'Alwis,pdalwisid@biglobe.ne.jp,Female,98,52,75,Legal,Gujarati,Russia,true
663,Nicole,Juszczak,njuszczakie@cocolog-nifty.com,Non-binary,50,73,59,Human Resources,Montenegrin,United States,false
664,Gypsy,Duligall,gduligallif@kickstarter.com,Polygender,94,96,64,Sales,Georgian,Russia,false
665,Auberon,Dinsmore,adinsmoreig@uiuc.edu,Agender,97,91,85,Product Management,Indonesian,Kazakhstan,true
666,Dewain,McGrirl,dmcgrirlih@state.tx.us,Male,71,53,98,Legal,Persian,United States,false
667,Kynthia,Mitkin,kmitkinii@infoseek.co.jp,Female,61,80,69,Sales,Irish Gaelic,Russia,true
668,Austin,Wink,awinkij@vistaprint.com,Polygender,59,99,69,Sales,Chinese,United States,false
669,Ceil,Manass,cmanassik@bizjournals.com,Female,100,57,95,Human Resources,Nepali,Russia,true
670,Hannah,Elacoate,helacoateil@google.pl,Female,92,83,68,Research and Development,Finnish,Russia,true
671,Rene,Tilbury,rtilburyim@comcast.net,Female,64,70,83,Services,Albanian,United States,true
672,Joleen,Whitley,jwhitleyin@wikia.com,Genderfluid,64,74,99,Human Resources,Tamil,United States,true
673,Martita,Brogini,mbroginiio@bluehost.com,Female,59,67,62,Human Resources,Malayalam,United States,false
674,Hale,Keuneke,hkeunekeip@usa.gov,Male,82,66,72,Services,West Frisian,Russia,true
675,Davin,Howsden,dhowsdeniq@cbsnews.com,Male,72,52,62,Engineering,Gujarati,Russia,false
676,Shaylah,Vicarey,svicareyir@loc.gov,Female,69,53,59,Engineering,Italian,Russia,true
677,Dorene,Sturridge,dsturridgeis@rambler.ru,Female,57,65,58,Engineering,Norwegian,Kazakhstan,false
678,Vaclav,Cathel,vcathelit@house.gov,Male,54,52,94,Services,Greek,United States,false
679,Haskel,Rillstone,hrillstoneiu@tinypic.com,Male,84,50,62,Legal,West Frisian,Russia,false
680,Beatriz,Molfino,bmolfinoiv@dropbox.com,Genderqueer,63,51,77,Product Management,Khmer,Russia,false
681,Vinnie,Gockeler,vgockeleriw@linkedin.com,Male,59,53,75,Product Management,Maltese,Russia,false
682,Ralf,Aylen,raylenix@myspace.com,Male,66,73,64,Research and Development,Northern Sotho,Russia,true
683,Flossi,Alker,falkeriy@youtube.com,Female,52,90,58,Legal,Romanian,Russia,false
684,Martainn,Greg,mgregiz@discovery.com,Male,82,68,50,Accounting,Lao,Russia,true
685,Ailis,Natte,anattej0@biblegateway.com,Female,64,79,81,Engineering,Tswana,United States,false
686,Vito,Nann,vnannj1@bandcamp.com,Male,59,60,50,Engineering,Greek,United States,false
687,Rici,Glasard,rglasardj2@dailymotion.com,Female,91,99,64,Business Development,Swati,Russia,true
688,Catha,Skillern,cskillernj3@smh.com.au,Female,96,65,50,Services,Tok Pisin,United States,false
689,Jasper,Otley,jotleyj4@shop-pro.jp,Male,92,83,50,Engineering,Khmer,Russia,false
690,Orel,Stone,ostonej5@abc.net.au,Non-binary,85,73,54,Support,Fijian,Russia,true
691,Prudence,Pointing,ppointingj6@techcrunch.com,Female,64,73,55,Product Management,Hebrew,Kazakhstan,true
692,Licha,Mohring,lmohringj7@miitbeian.gov.cn,Female,90,68,81,Product Management,German,United States,true
693,Angil,Blondin,ablondinj8@1688.com,Female,82,73,61,Sales,Kannada,Russia,true
694,Randie,Coleson,rcolesonj9@constantcontact.com,Male,78,83,51,Marketing,Malayalam,Russia,true
695,Bordy,Charnley,bcharnleyja@dedecms.com,Male,96,72,94,Accounting,Kannada,Russia,true
696,Cindi,Turbill,cturbilljb@vinaora.com,Female,64,73,84,Services,Belarusian,Kazakhstan,false
697,Linn,Arrow,larrowjc@slate.com,Male,56,70,68,Support,Finnish,Russia,false
698,Edlin,Gladeche,egladechejd@techcrunch.com,Male,62,67,81,Services,Dutch,Russia,false
699,Larina,Pott,lpottje@amazon.com,Female,66,93,69,Business Development,Gujarati,Russia,true
700,Harwilll,Furniss,hfurnissjf@wikimedia.org,Male,50,78,77,Services,Bislama,United States,true
701,Codi,Melby,cmelbyjg@delicious.com,Male,73,85,57,Research and Development,Yiddish,Russia,true
702,Bunny,MacPaike,bmacpaikejh@barnesandnoble.com,Polygender,97,76,99,Research and Development,Croatian,United States,true
703,Abbie,Waldren,awaldrenji@ibm.com,Female,80,87,66,Business Development,Quechua,Russia,true
704,Bea,Woolhouse,bwoolhousejj@parallels.com,Female,72,89,92,Sales,Icelandic,Russia,true
705,Balduin,Arkell,barkelljk@dell.com,Male,58,83,53,Research and Development,Yiddish,Russia,true
706,Kenna,Fassam,kfassamjl@nbcnews.com,Female,99,63,83,Services,Tamil,Russia,false
707,Meridel,Gotfrey,mgotfreyjm@merriam-webster.com,Female,78,86,67,Legal,Khmer,United States,false
708,Demetrius,Blenkinsop,dblenkinsopjn@cam.ac.uk,Male,92,72,76,Engineering,Greek,United States,true
709,Ardis,Dossetter,adossetterjo@qq.com,Female,95,65,97,Research and Development,Quechua,Russia,true
710,Crista,Raymond,craymondjp@google.com.hk,Female,93,98,93,Training,Quechua,Russia,false
711,Luci,Mesnard,lmesnardjq@ucsd.edu,Female,91,79,61,Research and Development,Tetum,United States,true
712,Alyce,Shord,ashordjr@webnode.com,Female,100,55,85,Marketing,Burmese,Russia,false
713,Arin,Blowfelde,ablowfeldejs@biglobe.ne.jp,Male,53,68,97,Support,Persian,United States,false
714,Celestina,Reichhardt,creichhardtjt@flavors.me,Female,80,92,52,Legal,Georgian,Kazakhstan,true
715,Shawnee,Duferie,sduferieju@yolasite.com,Female,97,85,85,Support,Kyrgyz,Russia,true
716,Anetta,Blakden,ablakdenjv@paypal.com,Female,54,95,98,Accounting,Japanese,United States,true
717,Tull,Hatherall,thatheralljw@ted.com,Male,72,67,69,Marketing,Tsonga,United States,true
718,Brigg,Coolican,bcoolicanjx@whitehouse.gov,Male,98,89,63,Human Resources,Finnish,Russia,true
719,Garreth,Sambell,gsambelljy@aol.com,Male,68,84,77,Human Resources,Persian,Russia,false
720,Jeannie,Scarff,jscarffjz@harvard.edu,Female,97,52,79,Sales,Danish,Russia,false
721,Garth,Ramard,gramardk0@twitter.com,Male,92,82,98,Business Development,Papiamento,Russia,false
722,Cordy,O' Loughran,coloughrank1@godaddy.com,Male,91,67,59,Research and Development,Portuguese,United States,true
723,Piotr,Lerner,plernerk2@oakley.com,Male,96,98,73,Human Resources,Icelandic,Russia,false
724,Livia,Caudwell,lcaudwellk3@noaa.gov,Agender,96,79,90,Training,Hebrew,Russia,true
725,Sayre,Griffithe,sgriffithek4@blog.com,Female,89,64,70,Business Development,Icelandic,United States,false
726,Dalt,Backsal,dbacksalk5@t.co,Male,72,53,86,Business Development,Croatian,Russia,false
727,Wald,Shewry,wshewryk6@mlb.com,Male,82,85,83,Engineering,Finnish,United States,true
728,Niles,Bruggen,nbruggenk7@networkadvertising.org,Male,66,100,79,Sales,Kurdish,Russia,true
729,Allissa,Volant,avolantk8@cmu.edu,Female,63,75,98,Marketing,Northern Sotho,Russia,false
730,Roze,Spelman,rspelmank9@ibm.com,Female,64,54,51,Training,Persian,Russia,true
731,Woodie,Essam,wessamka@webnode.com,Male,60,73,70,Sales,Tswana,United States,true
732,Dionis,Ughelli,dughellikb@umich.edu,Female,50,94,66,Training,Malay,Russia,false
733,Matilda,Wimbury,mwimburykc@unicef.org,Female,85,66,70,Human Resources,Quechua,Russia,true
734,Con,Purkis,cpurkiskd@salon.com,Male,61,75,75,Services,Finnish,United States,true
735,Stillmann,Obin,sobinke@engadget.com,Male,80,53,63,Accounting,Swedish,United States,false
736,Hurley,Brood,hbroodkf@wordpress.org,Male,96,87,81,Engineering,Persian,Russia,false
737,Erena,Rosone,erosonekg@tiny.cc,Female,73,65,55,Support,German,United States,true
738,Desiree,Shore,dshorekh@smugmug.com,Female,58,74,71,Legal,Bengali,Russia,true
739,Robbin,Creber,rcreberki@tripadvisor.com,Bigender,100,72,73,Research and Development,Tok Pisin,Russia,false
740,Angil,Coverlyn,acoverlynkj@nytimes.com,Female,86,99,96,Support,Moldovan,Kazakhstan,true
741,Town,Rissen,trissenkk@npr.org,Male,76,75,68,Research and Development,Filipino,United States,false
742,Nathalie,McMenamy,nmcmenamykl@printfriendly.com,Female,82,87,74,Human Resources,Latvian,United States,true
743,Bart,Axworthy,baxworthykm@mapquest.com,Male,72,73,95,Accounting,Portuguese,United States,false
744,Sindee,Samweyes,ssamweyeskn@vkontakte.ru,Female,50,92,91,Marketing,Mongolian,United States,false
745,Leonidas,Whaplington,lwhaplingtonko@desdev.cn,Male,97,53,76,Training,Albanian,Russia,true
746,Darb,Viant,dviantkp@usda.gov,Male,88,92,90,Sales,Bosnian,Russia,true
747,Gussie,Pead,gpeadkq@bravesites.com,Female,69,100,61,Accounting,Kyrgyz,Russia,false
748,Joanie,Yexley,jyexleykr@nhs.uk,Female,64,71,84,Sales,Tok Pisin,Russia,true
749,Dougy,Brodnecke,dbrodneckeks@photobucket.com,Male,53,99,75,Business Development,Swati,United States,true
750,Jada,Almond,jalmondkt@about.com,Female,82,87,50,Product Management,Greek,Russia,true
751,Colan,Tucker,ctuckerku@nydailynews.com,Male,88,57,84,Marketing,Burmese,United States,false
752,Frederigo,Studholme,fstudholmekv@house.gov,Male,86,63,89,Business Development,Italian,United States,false
753,Barrie,Van der Beken,bvanderbekenkw@dyndns.org,Bigender,87,97,99,Business Development,Croatian,Russia,true
754,Trever,Watterson,twattersonkx@ed.gov,Male,56,58,84,Research and Development,Malayalam,Russia,true
755,Vitia,Dibley,vdibleyky@who.int,Female,65,69,95,Accounting,French,Russia,false
756,Deeann,Bette,dbettekz@yolasite.com,Female,57,67,70,Research and Development,Kazakh,United States,true
757,Harold,Stitle,hstitlel0@twitpic.com,Male,51,74,57,Product Management,Bosnian,Russia,true
758,Marcel,Harnetty,mharnettyl1@japanpost.jp,Male,56,96,69,Support,Kurdish,Russia,false
759,Northrup,Braithwaite,nbraithwaitel2@telegraph.co.uk,Genderqueer,89,66,52,Product Management,Tsonga,Russia,false
760,Sly,Palatini,spalatinil3@fema.gov,Male,56,66,60,Training,Spanish,United States,true
761,King,Illston,killstonl4@homestead.com,Male,95,100,56,Human Resources,Lithuanian,Russia,false
762,Parsifal,Phythien,pphythienl5@jugem.jp,Male,68,88,97,Business Development,Korean,Russia,true
763,Emmie,Cawker,ecawkerl6@ycombinator.com,Female,90,81,89,Services,Somali,Russia,true
764,Jsandye,Ellissen,jellissenl7@com.com,Female,57,54,81,Marketing,Hindi,United States,false
765,Hyman,Iacomini,hiacominil8@google.ca,Male,85,99,96,Human Resources,English,Russia,false
766,Viva,Plester,vplesterl9@list-manage.com,Female,63,93,77,Sales,Pashto,United States,true
767,Aharon,Lages,alagesla@ow.ly,Male,60,96,68,Business Development,German,Kazakhstan,false
768,Loleta,Chomley,lchomleylb@tripod.com,Agender,61,51,95,Engineering,Malagasy,Russia,true
769,Cherilynn,Spencelayh,cspencelayhlc@wsj.com,Female,80,73,66,Research and Development,Chinese,Russia,true
770,Rosabelle,Arnholtz,rarnholtzld@adobe.com,Female,99,71,88,Accounting,Danish,Russia,false
771,Sax,Lowbridge,slowbridgele@flickr.com,Male,55,52,100,Sales,Luxembourgish,Russia,false
772,Christel,Bownde,cbowndelf@skype.com,Female,56,88,62,Training,Persian,Russia,false
773,Claiborn,Hasel,chasellg@ezinearticles.com,Male,90,97,86,Support,West Frisian,Russia,false
774,Lorrie,Cashmore,lcashmorelh@nifty.com,Polygender,80,57,73,Training,Tok Pisin,United States,false
775,Phillipp,Kellert,pkellertli@prweb.com,Non-binary,67,86,57,Accounting,Dhivehi,Russia,true
776,Sheri,Bulluck,sbullucklj@usgs.gov,Female,73,64,94,Engineering,Irish Gaelic,Russia,false
777,Myrtia,Lamartine,mlamartinelk@java.com,Female,52,98,71,Human Resources,Swati,Russia,false
778,Nertie,MacDougal,nmacdougalll@bbb.org,Female,95,54,91,Support,Chinese,Russia,true
779,Phillida,Shippam,pshippamlm@discuz.net,Female,75,61,74,Product Management,Burmese,United States,false
780,Patrizia,Hanning,phanningln@cnet.com,Female,56,63,93,Human Resources,West Frisian,Russia,true
781,Ara,Dowbekin,adowbekinlo@stumbleupon.com,Male,72,70,63,Human Resources,Gujarati,Russia,true
782,Warden,Gurrado,wgurradolp@1688.com,Male,81,86,85,Sales,Tamil,Russia,true
783,Antone,Beefon,abeefonlq@plala.or.jp,Male,76,68,82,Research and Development,Kyrgyz,Russia,false
784,Joel,Hannabus,jhannabuslr@chron.com,Male,56,76,61,Product Management,Burmese,Russia,false
785,Rae,Plott,rplottls@accuweather.com,Female,61,64,75,Marketing,Lao,Russia,true
786,Harp,Poag,hpoaglt@census.gov,Male,96,99,94,Research and Development,Bislama,United States,false
787,Genovera,Schoolfield,gschoolfieldlu@ycombinator.com,Female,58,97,65,Human Resources,Greek,Russia,true
788,Aloise,McFayden,amcfaydenlv@epa.gov,Female,83,57,60,Training,Sotho,Russia,false
789,Felicdad,Scandrick,fscandricklw@mac.com,Female,70,64,56,Marketing,Montenegrin,Russia,false
790,Meier,McQuaker,mmcquakerlx@vinaora.com,Male,97,97,63,Product Management,Gujarati,Russia,false
791,Chen,Canlin,ccanlinly@utexas.edu,Male,70,79,57,Marketing,Tok Pisin,Russia,true
792,Abbot,Dibble,adibblelz@vkontakte.ru,Male,79,56,65,Product Management,Dutch,Russia,true
793,Isak,Bozworth,ibozworthm0@bloglovin.com,Male,97,72,97,Accounting,German,Russia,false
794,Merill,Doughty,mdoughtym1@gnu.org,Male,85,82,63,Human Resources,Telugu,United Kingdom,false
795,Melvin,Eallis,meallism2@bravesites.com,Male,65,98,81,Engineering,Swedish,United States,true
796,Solomon,Revelle,srevellem3@boston.com,Male,94,71,58,Marketing,Macedonian,Russia,true
797,Serene,Rannells,srannellsm4@123-reg.co.uk,Female,58,57,73,Human Resources,Gagauz,United States,true
798,Meredeth,Corrington,mcorringtonm5@theglobeandmail.com,Genderfluid,56,76,72,Support,Tok Pisin,Russia,true
799,Valida,Hendrix,vhendrixm6@plala.or.jp,Female,56,85,69,Human Resources,Hindi,Kazakhstan,true
800,Cammie,Feasby,cfeasbym7@1688.com,Female,82,90,88,Sales,Afrikaans,Russia,true
801,Emmy,Meekins,emeekinsm8@hatena.ne.jp,Female,57,51,83,Accounting,Swahili,United States,true
802,Cairistiona,Cashford,ccashfordm9@google.com.au,Bigender,62,100,72,Services,Papiamento,United States,false
803,Darnell,Clover,dcloverma@marriott.com,Male,84,62,96,Accounting,Croatian,Russia,false
804,Erin,Grindall,egrindallmb@joomla.org,Non-binary,56,77,74,Sales,Marathi,Russia,true
805,Alexandro,Niece,aniecemc@liveinternet.ru,Male,83,55,90,Sales,Hiri Motu,Russia,true
806,Garrot,Blackburn,gblackburnmd@uol.com.br,Male,64,50,61,Training,Aymara,Kazakhstan,true
807,Tori,Burtt,tburttme@networkadvertising.org,Female,99,99,51,Sales,Oriya,Russia,true
808,Electra,McShea,emcsheamf@walmart.com,Female,89,62,67,Human Resources,Amharic,Kazakhstan,true
809,Sonny,McKeown,smckeownmg@hao123.com,Male,93,75,56,Human Resources,English,Russia,false
810,Rori,Yarwood,ryarwoodmh@si.edu,Female,52,97,78,Training,Korean,Russia,true
811,Desi,Guttridge,dguttridgemi@census.gov,Male,69,59,72,Training,French,Russia,true
812,Berkly,Melarkey,bmelarkeymj@fc2.com,Male,95,84,61,Business Development,Bosnian,Russia,true
813,Norma,Galton,ngaltonmk@psu.edu,Female,59,79,90,Sales,Hebrew,Russia,false
814,Jasen,Jordeson,jjordesonml@squarespace.com,Male,50,74,56,Product Management,Kashmiri,Russia,false
815,Idaline,Lathey,ilatheymm@nba.com,Polygender,75,91,78,Research and Development,Tetum,Russia,false
816,Kain,Timbridge,ktimbridgemn@geocities.jp,Male,77,81,90,Sales,Malayalam,Russia,true
817,Lenci,Garrett,lgarrettmo@de.vu,Male,83,98,99,Training,Dzongkha,Kazakhstan,false
818,Ephraim,Walpole,ewalpolemp@devhub.com,Male,87,60,79,Product Management,Albanian,United States,false
819,Chastity,Crinkley,ccrinkleymq@shinystat.com,Female,61,65,84,Engineering,West Frisian,Russia,false
820,Charity,Faulder,cfauldermr@sciencedirect.com,Female,97,97,50,Training,Filipino,Russia,false
821,Ida,Kehri,ikehrims@naver.com,Female,100,90,83,Training,West Frisian,Russia,true
822,Rodge,Woolford,rwoolfordmt@discovery.com,Male,98,53,99,Research and Development,Somali,Russia,true
823,Willie,Roylance,wroylancemu@sciencedirect.com,Male,90,60,71,Sales,Chinese,Russia,true
824,Lucho,Godrich,lgodrichmv@ameblo.jp,Agender,58,57,67,Legal,Assamese,Kazakhstan,true
825,Alfred,Jennaroy,ajennaroymw@jugem.jp,Male,75,79,56,Support,Malay,United States,false
826,Rycca,Ebbin,rebbinmx@oracle.com,Agender,68,68,59,Legal,Spanish,United States,false
827,Davidson,Petrelluzzi,dpetrelluzzimy@shutterfly.com,Polygender,61,82,50,Training,Tetum,Russia,true
828,Hilary,Fulstow,hfulstowmz@icio.us,Female,74,83,51,Training,New Zealand Sign Language,United Kingdom,false
829,Nero,Westman,nwestmann0@nps.gov,Male,59,67,97,Product Management,Khmer,Russia,true
830,Norah,Gauthorpp,ngauthorppn1@miitbeian.gov.cn,Female,99,54,67,Services,French,Russia,true
831,Morse,Championnet,mchampionnetn2@epa.gov,Male,63,73,54,Accounting,Hindi,Russia,false
832,Miner,Syseland,msyselandn3@google.com.au,Male,92,85,76,Business Development,Papiamento,United States,true
833,Lindie,Rosgen,lrosgenn4@twitpic.com,Female,94,79,100,Sales,Malagasy,United States,true
834,Elliott,Pedrick,epedrickn5@issuu.com,Male,88,76,65,Legal,Estonian,United States,true
835,Verney,Sindell,vsindelln6@google.es,Male,67,78,77,Support,Korean,Russia,true
836,Holli,Wreak,hwreakn7@goo.gl,Female,82,51,57,Legal,Belarusian,United States,false
837,Barbee,Merrington,bmerringtonn8@wikipedia.org,Genderqueer,90,85,94,Legal,Latvian,United States,true
838,Michael,Cloonan,mcloonann9@technorati.com,Male,95,88,60,Human Resources,Czech,Russia,true
839,Neville,Corr,ncorrna@hugedomains.com,Male,65,96,95,Business Development,Arabic,United States,false
840,Erin,Duham,eduhamnb@aboutads.info,Female,61,59,96,Business Development,Luxembourgish,Russia,true
841,Lalo,Pell,lpellnc@indiegogo.com,Male,94,68,79,Training,Estonian,Kazakhstan,false
842,Cara,Rentilll,crentilllnd@quantcast.com,Female,94,66,59,Services,Tok Pisin,Russia,false
843,Gayel,de Nore,gdenorene@bluehost.com,Female,79,73,91,Support,Papiamento,United States,true
844,Abel,Sanchiz,asanchiznf@pbs.org,Male,76,65,64,Legal,Haitian Creole,Russia,false
845,Guinevere,Geekie,ggeekieng@si.edu,Bigender,87,54,77,Support,Sotho,United States,true
846,Ive,Van Der Hoog,ivanderhoognh@imgur.com,Male,99,60,71,Engineering,Ndebele,Russia,true
847,Carla,Lowson,clowsonni@reverbnation.com,Female,95,90,77,Marketing,Gagauz,Russia,false
848,Brocky,Warbey,bwarbeynj@youtu.be,Male,65,100,70,Research and Development,Thai,Russia,false
849,Brigitta,Maleck,bmalecknk@examiner.com,Female,73,59,91,Support,Italian,Russia,true
850,Herve,Rowden,hrowdennl@accuweather.com,Male,88,97,54,Services,Telugu,Russia,false
851,Bessie,Loukes,bloukesnm@geocities.com,Female,58,71,98,Research and Development,Māori,United States,true
852,Caresse,Chetwind,cchetwindnn@vinaora.com,Female,99,81,100,Services,Hebrew,Russia,false
853,Lilas,Dummett,ldummettno@google.ca,Female,87,75,90,Training,Dari,United States,true
854,Darla,Mugridge,dmugridgenp@nyu.edu,Female,88,83,96,Business Development,Swedish,Russia,true
855,Archibaldo,Berntsson,aberntssonnq@forbes.com,Male,78,75,73,Marketing,Kurdish,United States,true
856,Rosabella,Emson,remsonnr@symantec.com,Female,74,88,82,Legal,Danish,Russia,false
857,Terrie,Ullyatt,tullyattns@msn.com,Female,67,81,66,Research and Development,Kannada,Russia,true
858,Brittne,Warlaw,bwarlawnt@uiuc.edu,Agender,85,93,68,Human Resources,Danish,Russia,false
859,Cathy,Neale,cnealenu@telegraph.co.uk,Female,93,75,64,Services,Yiddish,Russia,true
860,Petronella,Assaf,passafnv@ocn.ne.jp,Female,58,84,82,Accounting,Assamese,Russia,false
861,Mirabel,Pattie,mpattienw@globo.com,Female,100,50,75,Research and Development,Aymara,Russia,false
862,Chiquia,Rheubottom,crheubottomnx@bandcamp.com,Genderqueer,52,56,74,Support,Lithuanian,Russia,true
863,Dee dee,Darinton,ddarintonny@networksolutions.com,Female,84,57,57,Support,Tswana,Russia,false
864,Barnaby,Wharrier,bwharriernz@domainmarket.com,Male,84,51,53,Product Management,Dzongkha,Russia,true
865,Danit,Matley,dmatleyo0@multiply.com,Female,84,99,92,Legal,Khmer,Russia,true
866,Dorry,Sitwell,dsitwello1@fc2.com,Female,59,66,93,Training,Hungarian,Russia,false
867,Noble,Russan,nrussano2@buzzfeed.com,Male,80,87,53,Support,Dhivehi,Russia,true
868,Patty,Wederell,pwederello3@mit.edu,Female,95,69,61,Research and Development,Nepali,Russia,true
869,Lavina,Caban,lcabano4@omniture.com,Polygender,90,88,86,Business Development,Catalan,Kazakhstan,false
870,Sterne,Ellsworthe,sellswortheo5@people.com.cn,Male,87,70,76,Legal,Punjabi,United States,false
871,Mandy,Eisig,meisigo6@comcast.net,Female,53,90,63,Training,Mongolian,United States,true
872,Carrissa,Maddinon,cmaddinono7@thetimes.co.uk,Female,56,67,79,Accounting,Portuguese,Russia,false
873,Alvin,Martugin,amartugino8@omniture.com,Male,71,99,59,Training,Czech,United States,true
874,Stillman,Kneale,sknealeo9@ucla.edu,Male,82,79,57,Product Management,Māori,United States,false
875,Dorella,Blundon,dblundonoa@usnews.com,Bigender,76,78,87,Training,Portuguese,Russia,false
876,Ebony,Gotter,egotterob@ihg.com,Female,72,95,63,Human Resources,Quechua,United States,false
877,Leland,Mounsey,lmounseyoc@soup.io,Female,81,83,70,Marketing,Gagauz,Russia,true
878,Beverlie,Gillies,bgilliesod@godaddy.com,Agender,81,100,60,Legal,Gagauz,Kazakhstan,false
879,Rubin,Havercroft,rhavercroftoe@mediafire.com,Male,68,55,77,Research and Development,Tetum,Russia,false
880,Melba,Emmet,memmetof@msn.com,Female,60,79,68,Sales,Kyrgyz,United Kingdom,false
881,Perice,Breddy,pbreddyog@tinypic.com,Male,84,71,63,Accounting,Punjabi,Russia,true
882,Barbara-anne,Wagg,bwaggoh@indiatimes.com,Female,78,59,57,Marketing,Zulu,Russia,false
883,Neely,Tunnock,ntunnockoi@fastcompany.com,Female,64,62,63,Legal,Amharic,Russia,false
884,Charlene,Gyrgorwicx,cgyrgorwicxoj@europa.eu,Female,92,61,84,Product Management,Finnish,United States,false
885,Rhodia,Josselsohn,rjosselsohnok@mozilla.org,Female,71,91,74,Sales,Gujarati,Russia,true
886,Monte,Gilroy,mgilroyol@wix.com,Male,93,99,96,Business Development,Gagauz,Russia,true
887,Gare,Kyd,gkydom@nasa.gov,Male,95,57,69,Sales,Dutch,Russia,false
888,Xever,Benedick,xbenedickon@goo.gl,Male,53,59,77,Engineering,Belarusian,Russia,true
889,Orlan,Fardy,ofardyoo@nhs.uk,Male,57,84,80,Business Development,Papiamento,Russia,false
890,Edee,Taggart,etaggartop@goo.gl,Female,69,70,87,Legal,Tok Pisin,Russia,false
891,Byran,Herrero,bherrerooq@t-online.de,Male,93,97,87,Services,Bengali,Russia,false
892,Malissa,Lambert-Ciorwyn,mlambertciorwynor@house.gov,Female,56,71,64,Support,Czech,Russia,true
893,Winslow,Ziehm,wziehmos@theglobeandmail.com,Male,75,90,85,Services,Bulgarian,Russia,true
894,Annadiane,Doncaster,adoncasterot@google.de,Female,96,91,97,Support,Maltese,Russia,true
895,Cordy,Royce,croyceou@tinypic.com,Male,87,79,58,Support,Azeri,United States,false
896,Christy,Bernet,cbernetov@hibu.com,Female,54,85,96,Engineering,Swati,United States,true
897,Lolita,Le feaver,llefeaverow@amazonaws.com,Female,60,90,69,Engineering,Croatian,Russia,true
898,Raymond,Splaven,rsplavenox@tripadvisor.com,Male,63,92,77,Engineering,Luxembourgish,Russia,false
899,Philip,Leaf,pleafoy@uiuc.edu,Male,69,93,73,Support,Swedish,Russia,true
900,Licha,Cramp,lcrampoz@comsenz.com,Female,64,55,98,Engineering,Swahili,Russia,true
901,Mel,Pessler,mpesslerp0@imgur.com,Female,71,95,91,Services,Tajik,Russia,true
902,Berkie,Enderby,benderbyp1@theguardian.com,Male,50,87,71,Training,Mongolian,Russia,false
903,Geralda,Matteoni,gmatteonip2@pagesperso-orange.fr,Female,99,94,76,Human Resources,Macedonian,United States,false
904,Mart,Whetland,mwhetlandp3@arstechnica.com,Male,80,94,64,Training,New Zealand Sign Language,United States,false
905,Brandice,Hanlin,bhanlinp4@xrea.com,Female,61,62,79,Engineering,Hungarian,United States,false
906,Kimbra,Stedell,kstedellp5@goo.ne.jp,Female,63,71,82,Accounting,Estonian,Russia,true
907,Pollyanna,Colquit,pcolquitp6@whitehouse.gov,Polygender,84,99,92,Business Development,Northern Sotho,Russia,true
908,Brynna,Crabbe,bcrabbep7@hp.com,Female,65,74,96,Support,Azeri,United States,false
909,Kimberli,Dobson,kdobsonp8@slate.com,Female,52,67,72,Legal,Thai,Russia,false
910,Parsifal,Rozier,prozierp9@jugem.jp,Male,63,71,70,Research and Development,Norwegian,Russia,false
911,Bald,Mandry,bmandrypa@bbb.org,Male,100,91,60,Business Development,Māori,Russia,false
912,Titos,Fillimore,tfillimorepb@narod.ru,Male,55,100,100,Services,Swati,United States,true
913,Ephrayim,Agirre,eagirrepc@printfriendly.com,Male,94,90,94,Engineering,Hiri Motu,Kazakhstan,false
914,Demetri,Strahan,dstrahanpd@dion.ne.jp,Genderqueer,72,69,96,Legal,Azeri,United States,true
915,Harcourt,Jefferd,hjefferdpe@jiathis.com,Agender,76,70,58,Engineering,Hebrew,Russia,true
916,Tricia,Steven,tstevenpf@dedecms.com,Female,75,75,64,Accounting,Japanese,Russia,true
917,Thorstein,Belmont,tbelmontpg@behance.net,Male,55,63,92,Business Development,Zulu,Russia,false
918,Emerson,O'Shevlin,eoshevlinph@go.com,Genderqueer,79,53,65,Support,Bosnian,Russia,false
919,Aleda,Allchorne,aallchornepi@usatoday.com,Female,85,72,94,Support,Malay,United States,false
920,Nicki,Tersay,ntersaypj@plala.or.jp,Female,87,78,69,Legal,Tsonga,United States,true
921,Kermie,Beades,kbeadespk@51.la,Male,70,71,83,Accounting,Gujarati,Russia,true
922,Ailyn,Supple,asupplepl@amazon.co.uk,Female,95,75,75,Services,Greek,Russia,true
923,Lorrie,Grayson,lgraysonpm@unesco.org,Female,100,66,78,Accounting,Dutch,Russia,false
924,Kaleena,Labrum,klabrumpn@europa.eu,Female,69,94,59,Training,Quechua,Russia,true
925,Klaus,Hupka,khupkapo@gmpg.org,Male,50,79,91,Research and Development,Arabic,United States,false
926,Madel,Brane,mbranepp@google.nl,Female,76,85,92,Services,Khmer,Russia,false
927,Guinna,Gladdor,ggladdorpq@surveymonkey.com,Female,87,60,74,Human Resources,Belarusian,United States,false
928,Penelopa,Rossin,prossinpr@berkeley.edu,Female,95,98,59,Marketing,Danish,Russia,false
929,Germayne,Ziebart,gziebartps@dropbox.com,Male,64,59,55,Product Management,Dutch,United States,true
930,Masha,Connichie,mconnichiept@tumblr.com,Female,93,79,92,Legal,Irish Gaelic,Russia,false
931,Butch,Liddicoat,bliddicoatpu@biblegateway.com,Male,69,53,72,Accounting,Polish,United States,true
932,Derby,Earingey,dearingeypv@storify.com,Genderqueer,79,97,67,Support,Tswana,Russia,false
933,Tammie,Lampen,tlampenpw@amazon.de,Female,53,71,80,Support,Haitian Creole,Russia,false
934,Thaddus,Sweetsur,tsweetsurpx@mashable.com,Male,56,79,78,Support,Portuguese,Russia,true
935,Orsa,Hazard,ohazardpy@ebay.com,Female,66,82,72,Legal,Estonian,United States,true
936,Misty,Frankom,mfrankompz@ed.gov,Female,53,95,65,Business Development,Kurdish,Russia,true
937,Marjie,Middler,mmiddlerq0@facebook.com,Bigender,70,51,73,Support,Malayalam,Kazakhstan,false
938,Toni,Wagnerin,twagnerinq1@tripadvisor.com,Female,83,55,75,Engineering,Dhivehi,Russia,false
939,Dinnie,Guerri,dguerriq2@xinhuanet.com,Female,51,53,84,Legal,Thai,United States,false
940,Gorden,Aimable,gaimableq3@mozilla.com,Male,60,85,70,Human Resources,Croatian,United States,true
941,Jarvis,Cometti,jcomettiq4@cdc.gov,Male,56,55,86,Legal,Tok Pisin,Russia,false
942,Dawna,Maunsell,dmaunsellq5@theatlantic.com,Female,83,74,78,Business Development,Lithuanian,United States,false
943,Lilla,Zambonini,lzamboniniq6@stanford.edu,Female,95,62,93,Support,Bengali,Russia,false
944,Linzy,Whitehorne,lwhitehorneq7@storify.com,Female,55,60,97,Business Development,Bulgarian,Russia,false
945,Thomasa,Tichner,ttichnerq8@nature.com,Female,85,82,54,Business Development,Khmer,Russia,false
946,Jacquelyn,D'Acth,jdacthq9@ox.ac.uk,Female,81,91,86,Services,Tamil,Kazakhstan,true
947,Giavani,Brosetti,gbrosettiqa@booking.com,Male,100,89,86,Research and Development,Azeri,Russia,false
948,Filbert,Bendle,fbendleqb@craigslist.org,Male,96,87,62,Accounting,Finnish,United States,false
949,Cathlene,Guerrier,cguerrierqc@icio.us,Female,72,67,68,Business Development,Georgian,United States,true
950,Seamus,Clubley,sclubleyqd@nih.gov,Genderqueer,94,57,76,Engineering,Kurdish,Russia,true
951,Lisetta,Kilby,lkilbyqe@fc2.com,Female,82,99,78,Business Development,Latvian,Russia,true
952,Darya,Stronough,dstronoughqf@mayoclinic.com,Female,91,99,81,Marketing,Swati,Russia,false
953,Jonah,Orcott,jorcottqg@wikia.com,Non-binary,68,78,69,Human Resources,Finnish,United States,true
954,Kendall,Hoyer,khoyerqh@jigsy.com,Male,76,86,93,Legal,Aymara,United States,true
955,Reeba,Parkman,rparkmanqi@princeton.edu,Female,51,74,91,Legal,Malagasy,Russia,true
956,Kimberlyn,Bendtsen,kbendtsenqj@webmd.com,Genderqueer,96,98,81,Training,Hindi,United States,false
957,Alexina,Dryburgh,adryburghqk@irs.gov,Genderqueer,82,68,96,Training,Somali,Russia,true
958,Ryun,Ellicott,rellicottql@state.tx.us,Male,100,83,94,Engineering,Tetum,United Kingdom,false
959,Hedvig,Scane,hscaneqm@deviantart.com,Female,71,86,60,Legal,Sotho,Russia,false
960,Leanna,Ryott,lryottqn@e-recht24.de,Female,58,85,97,Legal,Kazakh,Russia,true
961,Markos,Simonetti,msimonettiqo@sakura.ne.jp,Male,84,52,80,Engineering,Indonesian,Russia,true
962,Dulsea,Dibbe,ddibbeqp@sakura.ne.jp,Female,90,53,91,Marketing,Swati,United States,false
963,Emmott,Shepheard,eshepheardqq@ucoz.com,Male,84,87,87,Marketing,Quechua,Russia,true
964,Wilma,Van't Hoff,wvanthoffqr@state.gov,Genderqueer,55,51,61,Marketing,Tamil,Kazakhstan,false
965,Annissa,Solly,asollyqs@dropbox.com,Female,89,83,80,Human Resources,Filipino,Russia,false
966,Nickolas,Vannah,nvannahqt@hubpages.com,Male,61,89,79,Engineering,English,Russia,false
967,Hanna,Sey,hseyqu@nydailynews.com,Female,90,79,53,Legal,Lithuanian,Russia,true
968,Vaclav,Matyushonok,vmatyushonokqv@chicagotribune.com,Male,54,73,97,Sales,Dari,United Kingdom,true
969,Malcolm,Eloi,meloiqw@uol.com.br,Male,54,90,92,Sales,Tajik,United States,true
970,Brett,Wadge,bwadgeqx@booking.com,Male,95,91,92,Training,Danish,United States,false
971,Desmund,Dreossi,ddreossiqy@google.co.uk,Male,70,56,92,Training,English,Russia,false
972,Thekla,Ebenezer,tebenezerqz@barnesandnoble.com,Female,72,73,69,Engineering,Danish,United States,false
973,Ula,Donaghie,udonaghier0@mac.com,Female,68,89,76,Legal,Malagasy,Russia,true
974,Brade,Simonin,bsimoninr1@house.gov,Male,52,66,60,Sales,Guaraní,Kazakhstan,false
975,Jamill,Callington,jcallingtonr2@nymag.com,Male,68,69,88,Sales,Yiddish,Russia,true
976,Dal,Winsiowiecki,dwinsiowieckir3@g.co,Male,78,53,83,Human Resources,Kazakh,Russia,false
977,Ailis,Bizley,abizleyr4@columbia.edu,Female,60,61,74,Support,Assamese,Russia,true
978,Arvin,Butler-Bowdon,abutlerbowdonr5@surveymonkey.com,Male,98,89,83,Engineering,French,Russia,true
979,Marmaduke,Sclanders,msclandersr6@squarespace.com,Male,72,91,55,Accounting,English,Russia,false
980,Cassie,Fosdyke,cfosdyker7@bloomberg.com,Male,80,99,81,Services,Arabic,Kazakhstan,false
981,Hedda,Eveque,hevequer8@mozilla.org,Female,99,79,85,Marketing,Quechua,Russia,false
982,Caldwell,Fears,cfearsr9@yellowbook.com,Male,78,97,95,Business Development,Lithuanian,United States,false
983,Ardella,Poyntz,apoyntzra@creativecommons.org,Female,82,62,74,Marketing,Mongolian,Russia,false
984,Dorian,Evequot,devequotrb@facebook.com,Male,62,85,88,Marketing,Kannada,Russia,false
985,Corty,Salway,csalwayrc@reuters.com,Male,95,55,55,Business Development,Kannada,Russia,true
986,Casey,Gibbard,cgibbardrd@pcworld.com,Female,94,81,71,Human Resources,Kashmiri,Russia,true
987,Agnola,Rosencrantz,arosencrantzre@soup.io,Female,81,82,63,Training,Catalan,Russia,false
988,Rebe,Jacklin,rjacklinrf@harvard.edu,Female,99,53,99,Services,Czech,Russia,false
989,Neil,Olorenshaw,nolorenshawrg@storify.com,Male,95,96,68,Training,Malagasy,United States,true
990,Josi,Fortey,jforteyrh@theglobeandmail.com,Female,76,88,86,Business Development,Fijian,Russia,true
991,Egbert,Antonijevic,eantonijevicri@jalbum.net,Male,94,99,69,Human Resources,Dzongkha,United States,true
992,Juieta,Matteau,jmatteaurj@upenn.edu,Female,79,99,75,Product Management,Czech,Russia,true
993,Albertine,Matussow,amatussowrk@eventbrite.com,Non-binary,88,94,98,Accounting,Burmese,United States,false
994,Art,Maryska,amaryskarl@auda.org.au,Male,78,84,93,Legal,German,Russia,false
995,Lula,Doniso,ldonisorm@tumblr.com,Female,62,55,73,Product Management,Burmese,Russia,true
996,Newton,Toms,ntomsrn@nytimes.com,Male,51,74,77,Research and Development,Guaraní,Russia,false
997,Jarid,Swarbrigg,jswarbriggro@kickstarter.com,Male,81,72,66,Product Management,Yiddish,United States,true
998,Lisha,Rainsbury,lrainsburyrp@marketwatch.com,Female,66,65,78,Product Management,Belarusian,United States,true
999,Morgen,Bertolaccini,mbertolaccinirq@dedecms.com,Bigender,92,94,76,Legal,Fijian,Russia,true
1000,Bill,Kaszper,bkaszperrr@linkedin.com,Female,52,50,96,Accounting,Malayalam,Russia,false
